-- phpMyAdmin SQL Dump
-- version 5.1.1
-- https://www.phpmyadmin.net/
--
-- Host: trikolix.lima-db.de:3306
-- Erstellungszeit: 05. Nov 2025 um 08:17
-- Server-Version: 8.0.39-30
-- PHP-Version: 7.2.34

SET SQL_MODE = "NO_AUTO_VALUE_ON_ZERO";
START TRANSACTION;
SET time_zone = "+00:00";


/*!40101 SET @OLD_CHARACTER_SET_CLIENT=@@CHARACTER_SET_CLIENT */;
/*!40101 SET @OLD_CHARACTER_SET_RESULTS=@@CHARACTER_SET_RESULTS */;
/*!40101 SET @OLD_COLLATION_CONNECTION=@@COLLATION_CONNECTION */;
/*!40101 SET NAMES utf8mb4 */;

--
-- Datenbank: `db_439770_2`
--

-- --------------------------------------------------------

--
-- Tabellenstruktur für Tabelle `eisdielen`
--

CREATE TABLE `eisdielen` (
  `id` int NOT NULL,
  `name` varchar(255) CHARACTER SET utf8mb4 COLLATE utf8mb4_unicode_ci NOT NULL,
  `adresse` varchar(255) CHARACTER SET utf8mb4 COLLATE utf8mb4_unicode_ci DEFAULT NULL,
  `website` varchar(255) CHARACTER SET utf8mb4 COLLATE utf8mb4_general_ci DEFAULT NULL,
  `latitude` float(9,6) DEFAULT NULL,
  `longitude` float(9,6) DEFAULT NULL,
  `openingHours` text CHARACTER SET utf8mb4 COLLATE utf8mb4_general_ci NOT NULL,
  `opening_hours_note` text CHARACTER SET utf8mb4 COLLATE utf8mb4_general_ci DEFAULT NULL,
  `erstellt_am` timestamp NOT NULL DEFAULT CURRENT_TIMESTAMP,
  `user_id` int NOT NULL,
  `landkreis_id` int DEFAULT NULL,
  `bundesland_id` int DEFAULT NULL,
  `land_id` int DEFAULT NULL,
  `status` enum('open','seasonal_closed','permanent_closed') COLLATE utf8mb4_unicode_ci DEFAULT 'open',
  `reopening_date` date DEFAULT NULL,
  `closing_date` date DEFAULT NULL
) ENGINE=InnoDB DEFAULT CHARSET=utf8mb4 COLLATE=utf8mb4_unicode_ci;

-- Öffnungszeiten pro Tag / Zeitfenster
CREATE TABLE `eisdiele_opening_hours` (
  `id` int NOT NULL AUTO_INCREMENT,
  `eisdiele_id` int NOT NULL,
  `weekday` tinyint unsigned NOT NULL COMMENT '1=Montag ... 7=Sonntag',
  `opens_at` time NOT NULL,
  `closes_at` time NOT NULL,
  `overnight` tinyint(1) NOT NULL DEFAULT '0',
  `sort_order` tinyint unsigned NOT NULL DEFAULT '0',
  `created_at` timestamp NOT NULL DEFAULT CURRENT_TIMESTAMP,
  `updated_at` timestamp NOT NULL DEFAULT CURRENT_TIMESTAMP ON UPDATE CURRENT_TIMESTAMP,
  PRIMARY KEY (`id`),
  KEY `idx_opening_hours_shop_day` (`eisdiele_id`,`weekday`),
  CONSTRAINT `fk_opening_hours_shop`
    FOREIGN KEY (`eisdiele_id`) REFERENCES `eisdielen` (`id`) ON DELETE CASCADE
) ENGINE=InnoDB DEFAULT CHARSET=utf8mb4 COLLATE=utf8mb4_unicode_ci;

--
-- Daten für Tabelle `eisdielen`
--

INSERT INTO `eisdielen` (`id`, `name`, `adresse`, `website`, `latitude`, `longitude`, `openingHours`, `erstellt_am`, `user_id`, `landkreis_id`, `bundesland_id`, `land_id`, `status`, `reopening_date`) VALUES
(1, 'Eiscafé Eis-Zapfen', 'Uhlichstraße 18, 09112 Chemnitz', 'https://maps.app.goo.gl/ZvMkoFKxjhSS8urs7', 50.837021, 12.904737, 'Mo-Fr: 12-17 Uhr\nSa-So: 13-17 Uhr', '2025-03-14 05:53:53', 1, 6, 3, 1, 'open', NULL),
(2, 'Eiscafé Kohlebunker', 'Ulmenstraße 1, 09112 Chemnitz', 'https://www.kohlebunker.de/', 50.824928, 12.899595, 'Do-Sa: 13-17 Uhr\nSo: 12-17 Uhr', '2025-03-14 05:53:53', 1, 6, 3, 1, 'open', NULL),
(3, 'Duschek Rainer Eiscafé', 'Markt 11, 09328 Lunzenau', '', 50.961952, 12.756064, '', '2025-03-14 05:53:53', 1, 4, 3, 1, 'open', NULL),
(4, 'Softeis Homann', 'Franz-Mehring-Straße 4,04746 Hartha', '', 51.093884, 12.974721, 'bei schönem Wetter ab 12 Uhr', '2025-03-14 05:53:53', 1, 4, 3, 1, 'open', NULL),
(5, 'Rüllis Eismanufaktur', 'Limbacher Str. 212, 09116 Chemnitz', 'https://ruellis-eismanufaktur.de/', 50.833000, 12.874314, 'Mo-So: 13-17 Uhr', '2025-03-14 06:39:23', 1, 6, 3, 1, 'open', NULL),
(6, 'Bäckerei Förster', 'Siemensstraße 8, 08371 Glauchau', '', 50.836006, 12.519606, 'Mo-Sa: 06-17 Uhr\nSo: 13-17 Uhr', '2025-03-14 06:39:23', 1, 5, 3, 1, 'open', NULL),
(7, 'Bistro & Eiscafe Zur Mel', 'Schulstraße 5, 08309 Eibenstock', '', 50.496216, 12.596914, 'Di-So: 11-17 Uhr', '2025-03-14 06:41:51', 1, 3, 3, 1, 'open', NULL),
(8, 'Bravo Eiscafe & Bistro - Vollmershain', 'Dorfstraße 70, 04626 Vollmershain', '', 50.851028, 12.306548, 'Di-Fr: 14-22 Uhr\nSa: 13-21 Uhr\nSo: 12-19 Uhr', '2025-03-14 06:41:51', 1, 7, 1, 1, 'open', NULL),
(9, 'Eisdiele Dietz', 'Hauptstraße 6, 09355 Gersdorf', '', 50.780605, 12.699031, 'Mi-So: 13-18 Uhr', '2025-03-14 06:41:51', 1, 5, 3, 1, 'open', NULL),
(10, 'BELLA CIAO', 'Altmarkt 17, 09337 Hohenstein-Ernstthal', '', 50.802425, 12.708078, 'Mo-So: 12-20 Uhr\nVom 31.08.25 - 28.02.26 geschlossen', '2025-03-14 06:41:51', 1, 5, 3, 1, 'seasonal_closed', '2026-03-01'),
(11, 'Corina Heil Eiscafé Fantasy', 'Altmarkt 32, 09337 Hohenstein-Ernstthal', '', 50.802147, 12.706420, 'Di: 12:30-18 Uhr\nMi: 11-18 Uhr\nDo-So: 12:30-18 Uhr', '2025-03-14 06:41:51', 1, 5, 3, 1, 'open', NULL),
(12, 'Hübschmanns Eislädl', 'Alte Marienberger Str. 2, 09432 Großolbersdorf', '', 50.724041, 13.092184, 'Sa-So: 14-18 Uhr', '2025-03-14 06:44:00', 1, 3, 3, 1, 'open', NULL),
(13, 'Eiscafé Börner', 'Lange Str. 22, 09569 Oederan', '', 50.859116, 13.167559, 'Mo-So: 13-18 Uhr', '2025-03-14 06:44:00', 1, 4, 3, 1, 'seasonal_closed', NULL),
(14, 'Eis-Cafe Bartsch', 'Annaberger Str. 15, 09477 Jöhstadt', 'https://maps.app.goo.gl/xzLCmUn5x7cdCvw19', 50.514870, 13.088929, 'Do-Di: 13-21 Uhr', '2025-03-14 06:44:00', 1, 3, 3, 1, 'open', NULL),
(16, 'Dolce Vita In Galerie Roter Turm Chemnitz', 'Peschelstraße 33, 01139 Chemnitz', '', 50.833866, 12.920806, 'Mo-Sa: 09-20 Uhr\nSo: 12-18:30 Uhr', '2025-03-15 05:03:39', 1, 6, 3, 1, 'open', NULL),
(17, 'Cortina', 'Str. der Nationen 12, 09111 Chemnitz', '', 50.834316, 12.923563, 'Mo-Do: 09-21:30\nFr-Sa: 09-22 Uhr\nSo: 10-20:30 Uhr', '2025-03-15 05:03:39', 1, 6, 3, 1, 'open', NULL),
(18, 'Hof 19', 'Hauptstraße 19, 07580 Braunichswalde', '', 50.799004, 12.218826, 'Sa-So: 13-18 Uhr', '2025-03-16 09:50:55', 1, 8, 1, 1, 'open', NULL),
(19, 'Restaurant Pelzmühle', 'Pelzmühlenstraße 17, 09117 Chemnitz', '', 50.818760, 12.831811, 'So-Do: 11-22 Uhr; Fr-Sa: 11-23 Uhr', '2025-03-16 10:29:31', 1, 6, 3, 1, 'open', NULL),
(20, 'Ackermanns Eiscafé', 'Hofer Str. 29, 09224 Chemnitz', '', 50.799519, 12.799654, 'Di-So: 14-18 Uhr', '2025-03-16 10:30:18', 1, 6, 3, 1, 'open', NULL),
(21, 'Eiscafé kleine Verführung', 'B169 4, 09387 Jahnsdorf/Erzgeb', '', 50.762424, 12.837190, 'Mo-So: 14-18 Uhr', '2025-03-16 16:20:35', 1, 3, 3, 1, 'open', NULL),
(22, 'Eiscafé Elisenhof', 'Kohrener Markt 15, 04654 Frohburg', '', 51.018433, 12.604663, '01. Apr - 19. Okt:\nDi-So: 13-18 Uhr', '2025-03-17 06:47:49', 1, 9, 3, 1, 'seasonal_closed', '2026-04-01'),
(23, 'Albrecht Eis', 'Heynitzer Str. 56, 01683 Nossen', 'www.albrecht-eis.de', 51.090504, 13.376638, 'Mi-So: 13-18 Uhr', '2025-03-17 07:03:10', 1, 10, 3, 1, 'open', NULL),
(24, 'Torteneck', 'Bahnhofstraße 9, 09526 Olbernhau', '', 50.659409, 13.335841, 'Di-Sa: 10-17 Uhr; So: 12-17 Uhr', '2025-03-17 07:03:10', 1, 3, 3, 1, 'open', NULL),
(26, 'Dolce Freddo Meerane', 'Untere Mühlgasse 18, 08393 Meerane', '', 50.850899, 12.463176, 'Di-Do: 11:00–20:30 Uhr; Fr-Sa: 11:00–21:30 Uhr; So: 11:00–20:30 Uhr', '2025-03-18 19:16:33', 1, 5, 3, 1, 'open', NULL),
(28, '\'n Eis zapfen', 'Schloßstraße, 09669 Frankenberg/Sa.', 'https://neiszapfen.de/neis-frankenberg/', 50.913357, 13.032811, 'Di-Fr: 13-18 Uhr;Sa-So: 13-17 Uhr', '2025-03-19 10:49:04', 1, 4, 3, 1, 'open', NULL),
(29, 'Eis-Traum Speiseeis und Eisspezialitäten', 'Geyersche Str. 3, 09419 Thum', 'https://www.eis-traum.de/', 50.665054, 12.927232, 'im Winter von Oktober bis Februar:\nDi-Fr: 13-17 Uhr\nim Sommer von März bis September:\nMo-Fr: 12-17 Uhr\nSa: 13:30-17 Uhr', '2025-03-20 07:33:02', 1, 3, 3, 1, 'open', NULL),
(30, 'Arndt’s Softeis Café', 'Pappelweg 1, 08340 Schwarzenberg/Erzgebirge', '', 50.533176, 12.772385, 'Mi-So: 14-17:30 Uhr', '2025-03-20 07:36:56', 1, 3, 3, 1, 'open', NULL),
(31, 'Eiscafé Döge', 'August-Bebel-Straße 1, 04567 Kitzscher', '', 51.164234, 12.551695, 'Mi-Fr: 14-17:30 Uhr; Sa-So: 14-18 Uhr', '2025-03-20 07:56:16', 1, 9, 3, 1, 'open', NULL),
(32, 'Café Milchhäuschen', 'Schloßteichstraße 20, 09113 Chemnitz', '', 50.842377, 12.912816, 'Mo-Do: 11:30-17 Uhr; Fr: 11:30-21:30 Uhr; Sa-So: 11-18 Uhr', '2025-03-21 05:33:04', 1, 6, 3, 1, 'open', NULL),
(33, 'Gondelstation am Schlossteich', 'Promenadenstraße 5Z, 09111 Chemnitz', '', 50.840908, 12.915353, 'Mo-Do: 12-18 Uhr; Fr: 12-19 Uhr; Sa-So: 10-19 Uhr', '2025-03-21 05:33:04', 1, 6, 3, 1, 'open', NULL),
(34, 'Gelato Valentino', 'Markt 1, 09111 Chemnitz', '', 50.832691, 12.919590, 'Mo-Sa: 10-18 Uhr; So: 12-18 Uhr', '2025-03-21 05:55:34', 1, 6, 3, 1, 'open', NULL),
(35, 'Ferioli Gelato Chemnitz', 'Am Rathaus 1, 09111 Chemnitz', '', 50.832527, 12.920319, 'Mo-So: 9-21 Uhr', '2025-03-21 05:55:34', 1, 6, 3, 1, 'open', NULL),
(36, 'Emmas Onkel', 'Weststraße 67, Ulmenstraße 48, 09112 Chemnitz', 'http://www.emmas-onkel.com/', 50.831436, 12.897780, 'Di-Mi: 14-21 Uhr; Do: 14-22 Uhr; Fr-Sa: 14-23 Uhr; So: 10-20 Uhr', '2025-03-21 12:06:11', 1, 6, 3, 1, 'open', NULL),
(37, 'Friedel\'s Cafe', 'Niedermarkt 9, 04736 Waldheim', '', 51.073997, 13.024919, 'Mo-Di: 10-20 Uhr; Fr-So: 10-20 Uhr', '2025-03-23 17:45:22', 1, 4, 3, 1, 'open', NULL),
(38, 'La Bonta', 'Kirchgasse 1, 09306 Rochlitz', '', 51.045940, 12.802377, 'Mo: 11-21 Uhr; Mi-So: 11-21 Uhr', '2025-03-23 17:45:22', 1, 4, 3, 1, 'open', NULL),
(39, 'Café EISMAIK', 'Brückenstraße 24, 09322 Penig', '', 50.933479, 12.705230, 'Di-Do: 13-18 Uhr; Sa-So: 13-18 Uhr', '2025-03-23 17:45:22', 1, 4, 3, 1, 'open', NULL),
(40, 'Eiscafé Venezia', 'Markt 9, 04680 Colditz', '', 51.129055, 12.805317, 'Mo-Do: 10-18 Uhr; Sa-So: 11-18 Uhr', '2025-03-24 06:33:51', 1, 9, 3, 1, 'open', NULL),
(42, 'Eiscafe Piccolo Dolce', 'Str. d. Freundschaft 33, 04654 Frohburg', 'https://maps.app.goo.gl/C2dvK9yKkS8JTNMp9', 51.054962, 12.555676, 'Mo-So: 10-19 Uhr', '2025-03-24 12:13:13', 1, 9, 3, 1, 'open', NULL),
(43, 'Ristorante Amore Mio', 'Schloßberg 1, 09113 Chemnitz', '', 50.845139, 12.916579, 'Di-So: 12-23 Uhr', '2025-03-24 17:21:28', 1, 6, 3, 1, 'open', NULL),
(44, 'SPEISEKAMMER Chemnitz', 'Schloßberg 14, 09111 Chemnitz', '', 50.845486, 12.916230, 'Montag: Ruhetag;bei schönem Wetter ab 14 Uhr', '2025-03-24 17:21:28', 1, 6, 3, 1, 'open', NULL),
(45, 'Eiscafe Leonhardt', 'Eibenstocker Str. 52, 08349 Johanngeorgenstadt', 'https://maps.app.goo.gl/aUaMkmgGVm4d2um59', 50.432774, 12.713272, 'Mo-Di: 11-18 Uhr\nFr-Sa: 11-18 Uhr\nSo: 13-18 Uhr', '2025-03-24 18:17:14', 1, 3, 3, 1, 'open', NULL),
(46, 'Eiscafe Eiswürfel', 'Talstraße 45, 08344 Grünhain-Beierfeld', 'https://maps.app.goo.gl/kqo3vXNYuudMsDwo6', 50.562202, 12.831186, 'Mi-Fr: 14-18 Uhr\nSa-So: 13-18 Uhr', '2025-03-25 10:10:42', 1, 3, 3, 1, 'open', NULL),
(47, 'Eiskaffee Glösa', 'Slevogtstraße 43, 09114 Chemnitz', '', 50.883839, 12.943079, 'Fr-So: 11-18 Uhr', '2025-03-25 20:51:02', 1, 6, 3, 1, 'open', NULL),
(49, 'Eiscafé Venezia', 'Markt 19, 09648 Mittweida', '', 50.985241, 12.981489, 'Di-Sa: 10-18 Uhr;So: 13-18 Uhr', '2025-03-26 18:55:34', 1, 4, 3, 1, 'open', NULL),
(50, 'Café Zur Eiszeit', 'Wendischbora 61a, 01683 Nossen', 'https://www.cafe-zur-eiszeit.de/', 51.080006, 13.340350, 'Mi - So & Feiertage: 13-18 Uhr', '2025-03-27 07:40:30', 1, 10, 3, 1, 'open', NULL),
(51, 'Dolce Freddo Zwickau', 'Hauptmarkt 16, 08056 Zwickau', 'https://www.dolce-freddo.com/', 50.717957, 12.497235, 'Di-Do: 9:30-19 Uhr;Fr-Sa: 9:30-20 Uhr;So: 9:30-19 Uhr', '2025-03-27 07:45:18', 1, 5, 3, 1, 'open', NULL),
(52, 'Die Eismühle', 'Flöhatalstraße 2, 09579 Grünhainichen', '', 50.760609, 13.171333, 'So: 13-17 Uhr', '2025-03-27 07:56:43', 1, 3, 3, 1, 'open', NULL),
(53, 'Eis Specht', 'Gahlenzer Str. 48, 09569 Oederan', '', 50.828667, 13.216462, 'Ab 01. Mai:;Sa: 14-18 Uhr;So: 13-18 Uhr', '2025-03-27 07:58:11', 1, 4, 3, 1, 'open', NULL),
(54, 'Piccolino - Eis- & Grillbar', 'Marienberger Str. 29B, 09573 Augustusburg', '', 50.809246, 13.100998, 'Mo-So: 11-17 Uhr', '2025-03-28 08:35:34', 1, 4, 3, 1, 'open', NULL),
(55, 'Konditorei & Panoramacafé Schreier', 'Hohe Str. 13, 09573 Augustusburg', '', 50.813721, 13.101641, 'Mo-Sa: 6:30-17 Uhr;So: 13-17 Uhr', '2025-03-28 17:04:49', 1, 4, 3, 1, 'open', NULL),
(56, 'Schloss-Café Ponitz', 'Schlosshof 3, 04639 Ponitz', 'https://maps.app.goo.gl/CJk6kEaYisexNiMA7', 50.856808, 12.423168, 'Sa & So: 13:30 - 18 Uhr\n', '2025-03-29 05:46:42', 1, 7, 1, 1, 'open', NULL),
(57, 'Eisfabrik Gößnitz', 'Markt 15, 04639 Gößnitz', '', 50.888275, 12.433415, 'Mi-So: 14-18 Uhr', '2025-03-29 18:23:02', 1, 7, 1, 1, 'open', NULL),
(58, 'Waldcafé Göhren', 'Göhren 1D, 09306 Wechselburg', '', 50.980434, 12.763076, 'März-Dezember:;Di-Sa: 14-17 Uhr;So: 11-17 Uhr', '2025-03-30 10:49:29', 1, 4, 3, 1, 'open', NULL),
(59, 'Eis-Eck', 'Bahnhofstraße 11, 09577 Niederwiesa', '', 50.865376, 13.021731, 'Mo-Fr: 12-18 Uhr; Sa: 13-18 Uhr', '2025-04-03 05:00:53', 1, 4, 3, 1, 'open', NULL),
(60, 'Gelato Italiano', 'Johannispl. 3, 09212 Limbach-Oberfrohna', '', 50.858650, 12.760948, 'Mo-Fr: 9-19 Uhr; Sa-So: 13-19 Uhr', '2025-04-03 05:03:56', 1, 5, 3, 1, 'open', NULL),
(61, 'Jannys Eis', 'Pflockenstraße 28, 09376 Oelsnitz/Erzgebirge', '', 50.724373, 12.728905, 'Di-Fr: 13-18 Uhr; Sa-So: 12-18 Uhr', '2025-04-03 05:08:21', 1, 3, 3, 1, 'open', NULL),
(62, 'Eiscafé Cortina Zwönitz', 'Annaberger Str. 2, 08297 Zwönitz', '', 50.629707, 12.813651, 'Mo-So: 9:30-20 Uhr', '2025-04-03 05:10:35', 1, 3, 3, 1, 'open', NULL),
(63, 'Café Milchbubi', 'Lange G. 20, 08297 Zwönitz', 'https://cafe-milchbubi.de/', 50.630199, 12.810021, 'Mo-Do: 13-18 Uhr\nFr: 13-22 Uhr\nSa-So: 13-18 Uhr', '2025-04-04 04:58:21', 1, 3, 3, 1, 'open', NULL),
(64, 'Marschner\'s Eisdiele', 'Chemnitzer Str. 1, 09380 Thalheim/Erzgeb.', 'https://maps.app.goo.gl/8dDUAbmir1CmCATTA', 50.703686, 12.852109, 'täglich: 14-17:30 Uhr', '2025-04-04 05:02:29', 1, 3, 3, 1, 'open', NULL),
(65, 'Eiscafé zum Römer', 'Hauptstraße 29, 08412 Werdau', 'https://maps.app.goo.gl/VS66yhGyEEMhm5qa9', 50.714363, 12.387291, 'Fr-So: 13-17 Uhr\nWinterpause bis 04. April 2026', '2025-04-05 11:15:53', 1, 5, 3, 1, 'seasonal_closed', '2026-04-04'),
(66, 'Hofcafe Päßler', 'Schulstraße 1, 08427 Fraureuth', 'https://maps.app.goo.gl/2tqSAUpz1HVgAKfU8', 50.681396, 12.365823, 'Mo-Do: 14-18 Uhr; Sa-So: 14-18 Uhr', '2025-04-05 11:20:34', 1, 5, 3, 1, 'open', NULL),
(67, 'Jannys Eis', 'Herrengasse 14, 08451 Crimmitschau', '', 50.815258, 12.386800, 'Mo-Sa: 11-18 Uhr; So: 14-18 Uhr', '2025-04-05 16:37:11', 1, 5, 3, 1, 'open', NULL),
(68, 'Eiscafé Fraureuth', 'Hauptstraße 78, 08427 Fraureuth', '', 50.703167, 12.355584, 'Mi-Fr: 13-17 Uhr; Sa: 13-17:30 Uhr; So: 13-18 Uhr', '2025-04-05 16:42:27', 1, 5, 3, 1, 'open', NULL),
(69, 'lumipöllö lounge', 'Bahnhofstraße 45, 09435 Drebach', '', 50.702709, 13.056519, 'Fr-So: 12-23 Uhr', '2025-04-05 16:49:16', 1, 3, 3, 1, 'open', NULL),
(70, 'Erzgebirgische Landbäckerei GmbH burgBlick Café & Eis', 'Wolkensteiner Str. 1 G, 09429 Wolkenstein', '', 50.652985, 13.061177, 'Mo-So: 7-17 Uhr', '2025-04-05 16:52:35', 1, 3, 3, 1, 'open', NULL),
(71, 'SchillerGarten', 'Schillerpl. 8, 01309 Dresden', '', 51.052387, 13.808243, ' ', '2025-04-05 16:57:20', 1, 11, 3, 1, 'open', NULL),
(72, 'Eis Venezia Manufaktur', 'Markt 26, 08289 Schneeberg', '', 50.595070, 12.640969, 'Di-So: 11-20 Uhr', '2025-04-05 18:47:03', 1, 3, 3, 1, 'open', NULL),
(73, 'Cafe Naschkatze', 'Bahnhofstraße 1, 09661 Hainichen', '', 50.971966, 13.122789, 'Do-Sa: 13-17 Uhr', '2025-04-06 18:47:48', 1, 4, 3, 1, 'open', NULL),
(74, 'Cafe Flora', 'Hauptstraße 87, 09619 Mulda/Sachsen', 'https://www.cafeflorarestaurant.de/', 50.809078, 13.407659, 'Di-Do: 11:30 - 17 Uhr; Fr-So: 11:30 - 21 Uhr', '2025-04-06 18:51:45', 1, 4, 3, 1, 'open', NULL),
(75, 'Softeisautomat Garnsdorf', 'Garnsdorfer Hauptstraße 116, 09244 Lichtenau', '', 50.921780, 12.928367, 'Mo-So: 9:30-20 Uhr', '2025-04-09 04:49:58', 1, 4, 3, 1, 'open', NULL),
(76, 'Herzens-Schmiede e.V. – AusZeit-Oase', 'Zwönitztalstraße 32, 09380 Thalheim/Erzgeb.', '', 50.686947, 12.843474, 'Mi-Fr: 14:30-17:30 Uhr', '2025-04-09 04:51:58', 1, 3, 3, 1, 'open', NULL),
(77, 'Silvio der Eisgraf von Freiberg', 'Burgstraße 46, 09599 Freiberg', '', 50.919468, 13.341347, ' Di-So: 11-19 Uhr', '2025-04-09 05:51:43', 1, 4, 3, 1, 'open', NULL),
(81, 'Eiscafé Ys', 'Richard-Friedrich-Straße 18, 08280 Aue-Bad Schlema', 'https://www.eiscafeys.de/', 50.599815, 12.662221, 'Di-So: 12:30 - 18 Uhr', '2025-04-09 07:21:56', 1, 3, 3, 1, 'open', NULL),
(82, 'Eiscafé Ys', 'Fürstenpl. 8, 08289 Schneeberg', 'http://eiscafeys.de/', 50.596218, 12.640791, 'Mo & Mi-So: 12:30 - 18 Uhr\nDienstag: Ruhetag', '2025-04-09 07:25:26', 1, 3, 3, 1, 'open', NULL),
(83, 'Eiscafé Cantina', 'Altmarkt 11, 08280 Aue-Bad Schlema', '', 50.586224, 12.703076, 'Mo-So: 11-19 Uhr', '2025-04-09 08:29:30', 1, 3, 3, 1, 'open', NULL),
(84, 'Gelato Caffe by Giuseppe', 'Bahnhofstraße 17, 08340 Schwarzenberg/Erzgebirge', '', 50.542366, 12.787571, 'Mo-So: 10:30 - 20 Uhr', '2025-04-09 08:31:44', 1, 3, 3, 1, 'open', NULL),
(85, 'Eiscafé Cortina', 'Buchholzer Str. 11, 09456 Annaberg-Buchholz', '', 50.578850, 13.002192, 'Mo-So: 10-21:30 Uhr', '2025-04-09 08:38:34', 1, 3, 3, 1, 'open', NULL),
(86, 'Eis-Cafe Rositz', 'Karl-Marx-Straße 14, 04617 Rositz', '', 51.016502, 12.370026, 'Di-Sa: 13-18 Uhr; So: 11-18 Uhr', '2025-04-09 12:23:08', 1, 7, 1, 1, 'open', NULL),
(87, 'Eiscafé Hoppe', 'Limbacher Str. 41, 09243 Niederfrohna', '', 50.874172, 12.748813, 'Di-So: 13-18 Uhr', '2025-04-10 09:13:18', 1, 5, 3, 1, 'open', NULL),
(88, 'Bäckerei-Käferstein', 'Rosa-Luxemburg-Straße 3, 09241 Mühlau', '', 50.896767, 12.758780, 'Mo, Mi: 6-12 Uhr; Di, Do, Fr: 6-17 Uhr; Sa: 5-10:30 Uhr', '2025-04-10 09:15:28', 1, 4, 3, 1, 'open', NULL),
(89, 'Pieschels Eisdiele', 'Pfarrstraße 9, 08233 Treuen', '', 50.539742, 12.308750, 'Mo-So: 13-18 Uhr', '2025-04-11 07:27:22', 1, 12, 3, 1, 'open', NULL),
(92, 'Saneto', 'Stollberger Str. 31, 09221 Neukirchen/Erzgebirge', 'https://saneto.de/', 50.775143, 12.857387, 'Mo-So: 14-17 Uhr', '2025-04-11 09:58:48', 1, 3, 3, 1, 'open', NULL),
(93, 'Eiscafé Amore', 'Bäckerstraße 3, 04720 Döbeln', '', 51.121494, 13.119929, 'Mo-So: 9-18 Uhr', '2025-04-11 10:05:39', 1, 4, 3, 1, 'open', NULL),
(97, 'Bäckerei & Cafe Brückner', 'Auer Str. 30, 08344 Grünhain-Beierfeld', '', 50.579590, 12.805849, 'Mo-Fr: 5:30-18 Uhr, Sa: 5:30 - 11 Uhr', '2025-04-12 09:08:42', 1, 3, 3, 1, 'open', NULL),
(98, 'Eisbär Planitz', 'Äußere Zwickauer Str. 46, 08064 Zwickau', 'http://eisbaer-planitz.de/', 50.681068, 12.474918, 'Di-So: 13-18 Uhr', '2025-04-12 15:50:13', 1, 5, 3, 1, 'seasonal_closed', '2026-02-01'),
(99, 'Frollein Sommer', 'Bernsdorfer Str. 57, 09126 Chemnitz', 'https://maps.app.goo.gl/Wez6pdY7A4YMybux8', 50.819443, 12.936491, 'Bei schönem Wetter;Mo-Sa: 13-18 Uhr;So: 12-18 Uhr', '2025-04-13 06:45:44', 1, 6, 3, 1, 'seasonal_closed', NULL),
(100, 'Vila Hermes Café do Brasil', 'Kaufunger Str. 4a, 09212 Limbach-Oberfrohna', '', 50.900608, 12.668810, 'Mi-So: 10-17 Uhr', '2025-04-13 11:35:47', 1, 5, 3, 1, 'open', NULL),
(101, 'Albrecht Eiseck', 'Dresdner Str. 54, 01683 Nossen', 'https://maps.app.goo.gl/CjYxf3mzD4iuRAQh8', 51.057991, 13.305590, ' Mo-So: 12-17 Uhr', '2025-04-13 13:42:29', 1, 10, 3, 1, 'seasonal_closed', NULL),
(102, 'Landbäckerei Dietrich - Schloss Café Rochlitz', 'Markt 4, 09306 Rochlitz', '', 51.045963, 12.799110, 'Di-Sa: 10-17 Uhr;So: 13-17 Uhr', '2025-04-15 08:50:30', 1, 4, 3, 1, 'open', NULL),
(103, 'Eiscafé Kampanile', 'Sonnenweg 1, 08132 Mülsen', '', 50.767017, 12.548699, 'Fr-So: 14-18 Uhr', '2025-04-15 19:31:19', 1, 5, 3, 1, 'open', NULL),
(104, 'Eiscafé Monika Nestler', 'Ratsseite-Dorfstr. 100, 09496 Marienberg', '', 50.633167, 13.210966, 'Mo-Do & Sa-So: 14-18 Uhr', '2025-04-15 19:41:05', 1, 3, 3, 1, 'open', NULL),
(105, 'Café Eisbär', 'Zschopauer Str. 26, 09496 Marienberg', '', 50.652615, 13.161110, 'Mo-So: 14-17 Uhr', '2025-04-15 19:41:57', 1, 3, 3, 1, 'open', NULL),
(106, 'Eismanufaktur Lipp', 'Kleine Kirchgasse 57, 09456 Annaberg-Buchholz', 'http://eismanufaktur-lipp.de/', 50.578262, 13.007279, 'Mi-So: 13-18 Uhr', '2025-04-15 19:45:26', 1, 3, 3, 1, 'open', NULL),
(107, 'Sperlich\'s \"EISZEIT\"', 'Giebelstraße 2, 03222 Lübbenau/Spreewald', '', 51.861938, 13.938499, 'So-Fr: 14-18 Uhr ', '2025-04-21 05:23:30', 1, 16, 5, 1, 'open', NULL),
(109, 'Eiscafé Sothis', 'Str. d. Einheit 20, 09569 Flöha', 'https://maps.app.goo.gl/LWpHbmthakJq4e6e7', 50.853367, 13.113309, 'derzeit geschlossen', '2025-04-21 14:48:28', 1, 4, 3, 1, 'permanent_closed', NULL),
(111, 'Klatt-Eis Eismanufaktur', 'Mittweidaer Str. 102, 09648 Mittweida', 'https://maps.app.goo.gl/xstf63kQtW2k8zKw7', 51.000374, 12.899914, 'So: 13-18 Uhr', '2025-04-21 15:04:29', 1, 4, 3, 1, 'open', NULL),
(112, 'eisice', 'Puschkinstraße 4, 09112 Chemnitz', 'https://maps.app.goo.gl/hXNC5kvVqXAAKnSt5', 50.830437, 12.900225, 'Di-So: 13-18 Uhr', '2025-04-21 15:08:49', 1, 6, 3, 1, 'open', NULL),
(113, 'Eiscafé Caramello', 'Bahnhofstraße 2, 04651 Bad Lausick', '', 51.143497, 12.648633, 'Mo-So: 11-18 Uhr', '2025-04-22 05:43:44', 1, 9, 3, 1, 'open', NULL),
(114, ' Eisdiele Krause', 'Markt 2, 09306 Wechselburg', '', 51.004692, 12.773902, '', '2025-04-22 08:34:25', 1, 4, 3, 1, 'open', NULL),
(115, 'Eisgarten an der Kaßbergauffahrt', 'Theaterstraße 60, 09111 Chemnitz', '', 50.833527, 12.915260, 'Mo-So 12-18 Uhr', '2025-04-22 11:09:10', 3, 6, 3, 1, 'seasonal_closed', NULL),
(116, 'Eiscafé Im Ratshof', 'Markt 1, 08371 Glauchau', '', 50.817062, 12.541419, 'Mo, Di, Do: 11:30-18 Uhr; Mi: 10-18 Uhr; Fr-So: 14-18 Uhr', '2025-04-24 06:21:54', 1, 5, 3, 1, 'open', NULL),
(117, 'Eiscafé Eis-Zapfen', 'Arthur-Bretschneider-Straße 13, 09113 Chemnitz', '', 50.844517, 12.901866, 'Mo-So: 13-18 Uhr', '2025-04-24 16:07:08', 1, 6, 3, 1, 'open', NULL),
(118, 'Eiscafé Sansi', 'Dammstraße 9, 03222 Lübbenau/Spreewald', NULL, 51.866680, 13.972628, 'Mo-So: 10:30-19 Uhr', '2025-04-26 00:10:32', 1, 16, 5, 1, 'open', NULL),
(119, 'Gelateria & Bistro Valmantone', 'Dammstraße 6, 03222 Lübbenau/Spreewald', NULL, 51.867027, 13.972271, 'Mo-So: 10-18 Uhr', '2025-04-26 00:13:26', 1, 16, 5, 1, 'open', NULL),
(120, 'Eisdiele \"Zur Buxbaude\"', 'Augustusburger Str. 240, 09127 Chemnitz', 'https://eisdiele-zur-buxbaude.eatbu.com/?lang=de', 50.829086, 12.960858, 'Mi-So: 13-17 Uhr', '2025-04-27 08:55:29', 1, 6, 3, 1, 'seasonal_closed', '2026-04-05'),
(121, 'Bäckerei Ronny Roder', 'Am Kirchberg 6, 09244 Lichtenau', NULL, 50.900852, 12.917040, 'Sonntag: 13-17 Uhr ', '2025-04-27 12:10:10', 1, 4, 3, 1, 'open', NULL),
(122, 'Eiscafé Leuschner', 'Leisniger Str. 33, 09648 Mittweida', NULL, 50.991051, 12.968228, 'Mo, Do, Fr: 11:30-18 Uhr;Sa, So, Feiertage: 13-18 Uhr', '2025-04-27 14:40:32', 1, 4, 3, 1, 'open', NULL),
(123, 'Sommerrodelbahn \"Italienisches Eis\"', 'An der Rodelbahn 3, 09573 Augustusburg', NULL, 50.817879, 13.098708, 'bei schönem Wetter: 10-17 Uhr', '2025-04-27 15:31:05', 2, 4, 3, 1, 'open', NULL),
(124, 'Pizzeria Bella Italia', 'Mühlsteig 5, 09355 Gersdorf ', NULL, 50.781872, 12.698739, 'Montag: Ruhetag;\nDienstag-Donnerstag: 17:00-21:00 Uhr;\nFreitag-Samstag: 17:00-22:00 Uhr;\nFeiertags/Sonntag: 11:30-14:00 & 17:00- 20:00 Uhr', '2025-04-27 17:39:26', 4, 5, 3, 1, 'open', NULL),
(125, 'WALKBEACH', 'Hartensteiner Str. 3a 09366 Stollberg', NULL, 50.697372, 12.771628, 'Öffnungszeiten Saison 2025\n(17.04.25 - 19.10.25);\nDo-So: 11:30-18:00 Uhr;', '2025-04-27 19:11:41', 7, 3, 3, 1, 'open', NULL),
(126, 'Eiswerk', 'Marienstraße 70, 08056 Zwickau', 'http://www.eiswerkzwickau.de/', 50.720486, 12.495402, 'Mo-So: 12-18 Uhr', '2025-04-30 06:29:49', 1, 5, 3, 1, 'open', NULL),
(127, 'Philipps Eisdielerei', 'Grünthaler Str. 1, 09526 Olbernhau', NULL, 50.661037, 13.336630, 'Mo-Mi & Fr: 12-18 Uhr;So, Sa, So: 14-18 Uhr', '2025-04-30 23:37:08', 1, 3, 3, 1, 'open', NULL),
(128, 'Eiscafé di Lago', 'Großstolpen 100, 04539 Groitzsch', NULL, 51.142094, 12.326560, 'Mo-So: 14-18 Uhr', '2025-05-01 17:30:30', 10, 9, 3, 1, 'open', NULL),
(131, 'Trattoria Da Mert', 'Hauptmarkt 8, 08056 Zwickau', NULL, 50.717693, 12.495791, 'Mo-So: 11-22 Uhr', '2025-05-01 19:42:48', 1, 5, 3, 1, 'open', NULL),
(132, 'Alfredo Eiscafe', 'Dohnaische Straße 74, 01796 Pirna', NULL, 50.962826, 13.939511, '11:30-17:30 jeden Tag', '2025-05-02 04:49:15', 2, 17, 3, 1, 'open', NULL),
(133, 'Konzum Čáda', 'Boží Dar 189, 363 01 Boží Dar, Tschechien', NULL, 50.410511, 12.922996, 'Mo-So: 7:30-18 Uhr', '2025-05-02 10:26:23', 1, 18, 6, 2, 'open', NULL),
(134, 'Eibenstocker Waffelstube', 'Postpl. 1, 08309 Eibenstock', NULL, 50.493996, 12.599739, 'Mi-So: 13-17 Uhr', '2025-05-02 12:04:34', 1, 3, 3, 1, 'open', NULL),
(135, 'Reki Shop', 'Richard-Friedrich-Straße 18, 08280 Aue-Bad Schlema', NULL, 50.599983, 12.662392, '', '2025-05-02 12:56:43', 1, 3, 3, 1, 'open', NULL),
(136, 'Touristenhütte Tyssa Turistická chata Tisá', 'Tisá 257, 403 36 Tisá, Tschechien', NULL, 50.787819, 14.039744, '', '2025-05-03 11:29:43', 1, 19, 6, 2, 'open', NULL),
(137, 'Oskarshausen', 'Burgker Str. 39, 01705 Freital', NULL, 51.005135, 13.663627, 'Mo-So: 9-19 Uhr', '2025-05-05 07:02:39', 11, 17, 3, 1, 'open', NULL),
(139, 'Bäckerei Emil Reimann Eiscafé im Q3', 'An d. Frauenkirche 18, 01067 Dresden', NULL, 51.051510, 13.741971, 'Mo - So: 9-18 Uhr ', '2025-05-05 09:38:28', 5, 11, 3, 1, 'open', NULL),
(144, 'Pizzeria EisCaféBar „Dolomiti“', 'Rochlitzer Str. 20, 09648 Mittweida', NULL, 50.986160, 12.979220, 'täglich: 11-14 Uhr & 17:30-23 Uhr;Mittwoch: Ruhetag', '2025-05-05 12:00:30', 1, 4, 3, 1, 'open', NULL),
(145, 'Eisdiele & Partyservice Schöne', 'Rudolf-Breitscheid-Straße 6, 09577 Niederwiesa', 'http://www.eisdiele-lichtenwalde.de/', 50.885036, 13.007964, 'Di-Fr: 14-18 Uhr;Sa & So: 13-18 Uhr', '2025-05-06 10:54:45', 1, 4, 3, 1, 'open', NULL),
(146, 'Eiscafé & Restaurant - Martina Kodym', 'Jägerhorn 8, 09633 Halsbrücke', '', 50.973362, 13.460288, 'Do-So: 14-17 Uhr', '2025-05-06 11:01:57', 1, 4, 3, 1, 'open', NULL),
(147, 'Eisgarten-Sonnenschein (Lösermühle)', 'An d. Lösermühle 1, 09544 Neuhausen/Erzgebirge', 'https://loesermuehle.de/eiskarte/', 50.691113, 13.489707, 'Mi-So: 13-18 Uhr', '2025-05-06 11:07:22', 1, 4, 3, 1, 'open', NULL),
(149, 'Eis-Karli', 'Albert-Schweitzer-Straße 36, 08209 Auerbach/Vogtland', 'https://maps.app.goo.gl/e3m14MdHRxjbQCwb9', 50.512085, 12.385431, 'Mo-So: 13-17 Uhr', '2025-05-08 04:05:55', 1, 12, 3, 1, 'open', NULL),
(150, 'Eiscafé Roßberg', 'Zwickauer Str. 104, 08468 Reichenbach im Vogtland', 'https://maps.app.goo.gl/Jux29G113wzxWghc6', 50.629913, 12.308249, 'Di-Sa: 10-18 Uhr;So: 13-18 Uhr', '2025-05-08 06:55:38', 1, 12, 3, 1, 'open', NULL),
(153, 'Eiscafé Silvio', 'Unterer Markt 4, 92681 Erbendorf', 'https://maps.app.goo.gl/KPoQzeJKXBjwXBBf9', 49.837658, 12.047334, 'Mo: 11-19 Uhr;Di: Ruhetag;Mi-So:11-19 Uhr', '2025-05-08 09:07:50', 1, 23, 7, 1, 'open', NULL),
(154, 'Amorino Gelato - Colmar', '54 Rue des Clefs, 68000 Colmar, Frankreich', 'https://maps.app.goo.gl/V4yu8cSVktvXmQdB7', 48.079197, 7.357572, 'Mo-Do: 12-19 Uhr; Fr-Sa: 12-21 Uhr; So: 12-19 Uhr', '2025-05-08 09:11:11', 1, 24, 9, 4, 'open', NULL),
(155, 'Justine au Pays des Glaces', '47 Av. Louis Tudesq, 34140 Bouzigues, Frankreich', 'https://justine-glaces.fr/', 43.448586, 3.655041, 'Mo-So: 14-18:30 Uhr', '2025-05-08 09:13:39', 1, 25, 10, 4, 'open', NULL),
(158, 'Eiscafé Diana', 'Regensburger Str. 86a, 92637 Weiden in der Oberpfalz', 'https://maps.app.goo.gl/2stZH7RGRpgjECFk6', 49.656540, 12.143935, 'Sa-So: 12-19 Uhr', '2025-05-08 10:36:02', 1, 28, 7, 1, 'open', NULL),
(161, 'Confiseur Bachmann AG - Gelateria am Quai', 'Kurpl., 6006 Luzern, Schweiz', 'http://www.confiserie.ch/gelateria-am-quai', 47.054562, 8.312192, 'Mo-Fr: 7:30-19:30 Uhr;Sa-So: 9-19:30 Uhr', '2025-05-09 10:57:50', 1, 29, 11, 5, 'open', NULL),
(162, 'Eis Wunderland', 'Max-Saupe-Straße 1, 09131 Chemnitz', 'https://maps.app.goo.gl/bqXQafyraE5JtQgQ7', 50.867744, 12.960678, 'Mo-Mi: 13-18 Uhr;\nSa-So: 13-18 Uhr', '2025-05-10 15:35:12', 11, 6, 3, 1, 'open', NULL),
(163, 'Ristorante pizzeria Piccolino', 'Hauptstraße 183, 09355 Gersdorf', 'https://piccolino-gersdorf.de/', 50.761101, 12.709423, 'Di-Sa: 17-22 Uhr;Sa & So: zusätzlich von 11:30 - 14 Uhr', '2025-05-14 14:04:04', 8, 5, 3, 1, 'permanent_closed', NULL),
(165, 'Marschner\'s Eiscafé', 'Zwickauer Str. 424, 09117 Chemnitz', 'http://www.marschners-eiscafe.de/', 50.817329, 12.846802, 'Neueröffnung: 15.05.25 14:00 Uhr', '2025-05-15 11:38:43', 1, 6, 3, 1, 'open', NULL),
(166, 'Eiscafé Venezia', 'Obermarkt 6, 04736 Waldheim', 'https://maps.app.goo.gl/3VyxJk7R8mDoCdDL8', 51.072765, 13.024507, 'Mo - So: 10-19 Uhr', '2025-05-18 16:07:45', 1, 4, 3, 1, 'open', NULL),
(167, 'Brixx', 'Annaberger Str. 315, 09125 Chemnitz', 'https://maps.app.goo.gl/uG6hsFoA6ndy5uxY6', 50.795490, 12.921456, 'Mo - Sa: 11-18 Uhr', '2025-05-18 16:13:04', 1, 6, 3, 1, 'open', NULL),
(168, 'Jannys Eis', 'Neumarkt 15, 09405 Zschopau', 'https://www.facebook.com/profile.php?id=100063648308529#', 50.747807, 13.069595, 'ab 25.Mai:;Mo-Fr: 11-17 Uhr; Sa-So: 13-17 Uhr', '2025-05-18 16:17:46', 1, 3, 3, 1, 'open', NULL),
(170, 'Zeisigwaldschänke', 'Forststraße 100, 09131 Chemnitz', 'http://www.zeisigwaldschaenke.de/', 50.845589, 12.963314, 'Mo-So: 12-17 Uhr', '2025-05-21 11:27:45', 1, 6, 3, 1, 'open', NULL),
(171, 'Gran Gelato', 'Hauptmarkt 17-18, 08056 Zwickau', 'http://www.grangelato.de/', 50.717999, 12.497528, 'Mo-So: 10-19 Uhr', '2025-05-21 12:25:02', 1, 5, 3, 1, 'open', NULL),
(172, 'Imbiss der Bäckerei und Konditorei Seifert', 'Alte Flockenstraße 7, 09385 Lugau/Erzgeb.', '', 50.772354, 12.786156, 'Di - Fr: 5:00 - 17:00 Uhr;\nSa: 5:30 - 10:30 Uhr', '2025-05-23 07:58:57', 1, 3, 3, 1, 'open', NULL),
(173, 'Das Eiscafé Lichtenstein', 'Rosengasse 4, 09350 Lichtenstein/Sachsen', '', 50.756748, 12.630780, 'Sa & So: 13:30 - 17:30 Uhr', '2025-05-23 08:03:00', 1, 5, 3, 1, 'open', NULL),
(174, 'Café Raabe', 'Oberfrohnaer Str. 72, 09117 Chemnitz', 'https://www.caferaabe.de/', 50.826595, 12.832847, 'Mo-Mi: 11-18 Uhr\nSa-So: 11-18 Uhr', '2025-05-24 13:43:43', 1, 6, 3, 1, 'open', NULL),
(175, 'JoePiada', 'Troi Giovanni Francesco Bernard, 38036 Pera TN, Italien', 'http://www.centralepera.it/', 46.437492, 11.692028, 'Di-So: 6:30 - 22 Uhr', '2025-05-25 11:26:52', 2, 30, 12, 3, 'open', NULL),
(176, 'Alpenrosenhof', 'Via Passo Pennes, 39040 Campo di Trens Autonome Provinz Bozen - Südtirol, Italien', 'https://www.penserjoch.com/', 46.818745, 11.439940, '', '2025-05-26 11:13:31', 2, 31, 12, 3, 'open', NULL),
(177, 'Linné Gelato-Café-Brasserie', 'August-Bebel-Straße 49, 08393 Meerane', 'https://www.cafe-linne-meerane.de/', 50.850136, 12.466893, 'Mo-So: 10-18 Uhr', '2025-05-26 14:56:04', 8, 5, 3, 1, 'open', NULL),
(178, 'Eis Café da papu Waldenburg', 'Weinkellergasse 6, 08396 Waldenburg', 'https://maps.app.goo.gl/9dEPDNUWpmcJMDrE6', 50.874386, 12.601501, 'Mo-So: 11 - 18 Uhr', '2025-05-26 21:15:36', 31, 5, 3, 1, 'open', NULL),
(179, 'Café Klatsch - Andreas Wörl', 'Altenburger Str. 83, 08396 Waldenburg', 'https://www.goldener-hahn-niederwinkel.de/cafe-klatsch/speisekarte/', 50.878597, 12.594275, 'Di - Fr: 11-17 Uhr \nSa + So: 13 - 17 Uhr', '2025-05-26 21:18:55', 31, 5, 3, 1, 'open', NULL),
(180, 'Willy Vanilli', 'Helmut-Schön-Allee 2b', 'https://www.willyvanilli.de/', 51.042793, 13.749791, 'Mo-So: 11 - 20 Uhr', '2025-05-27 11:02:07', 32, 11, 3, 1, 'open', NULL),
(183, 'Eiscafé Venezia', 'Hauptstraße 2a, 01097 Dresden', 'https://www.venezia-dresden.de/', 51.058308, 13.742371, 'Mo-So: 10:30-20:30 Uhr', '2025-05-28 04:47:13', 32, 11, 3, 1, 'open', NULL),
(184, 'Askir Fresh', 'An der Pikardie 10, 01277 Dresden', 'https://askir.de/fresh/', 51.033634, 13.775443, 'Do-So: 14-18 Uhr\nbei Sonnenschein und warmen Temperaturen --> eher in der Sommerzeit', '2025-05-28 05:04:35', 32, 11, 3, 1, 'open', NULL),
(185, 'Sächsische Eismanufaktur', 'Schloßstraße 14, 01067 Dresden', 'https://www.eis-manufaktur.de/', 51.051601, 13.737552, 'Mo-So: 11-20 Uhr', '2025-05-28 05:53:57', 32, 11, 3, 1, 'open', NULL),
(186, 'Eiscafé Hannelore', 'Coschützer Str. 10, 01187 Dresden', 'https://eiscafe-hannelore.com/', 51.028530, 13.705952, 'Mo-So: 14 - 18 Uhr', '2025-05-28 06:48:24', 32, 11, 3, 1, 'open', NULL),
(188, 'Terence Hill Eis Saloon', 'Hauptstraße 33, 01097 Dresden', 'https://www.gelateriagirotti.de/', 51.061417, 13.744174, 'vorübergehend geschlossen', '2025-05-28 09:25:44', 32, 11, 3, 1, 'open', NULL),
(192, 'Café Fleming', 'Marktplatz 14 08118 Hartenstein ', 'https://cafefleming.de/', 50.661465, 12.670937, 'Montag: Geschlossen\nDienstag: Geschlossen\nMi & Do: 11:00-17:00\nFreitag: 11:00-22:00\nSa & So: 14:00-18:00', '2025-05-30 14:56:10', 37, 5, 3, 1, 'open', NULL),
(193, 'e.n.h. ', 'Rosenhof 11, 09111 Chemnitz', '', 50.831444, 12.917711, 'Mo-Sa 11:00-18:00\nSo 12:00-16:00', '2025-05-30 16:21:39', 2, 6, 3, 1, 'open', NULL),
(194, 'Bühlers Da Vinci Eisdiele ', 'Hauptmarkt 9, 09366 Stollberg', 'https://buehlers-restaurant.de/', 50.708088, 12.778840, 'Di-Fr: 11-18 Uhr\nSa:    13:30-18 Uhr\nSo:    11-18 Uhr', '2025-05-30 16:38:13', 39, 3, 3, 1, 'open', NULL),
(195, 'BROT & KEES - natürlich lecker', 'Kees\'scher Park 1, 04416 Markkleeberg', 'www.brotundkees.de', 51.279816, 12.356114, 'Di-So 9-18', '2025-05-30 22:05:14', 41, 9, 3, 1, 'open', NULL),
(196, 'Cukrana', '79, T. G. Masaryka 11, 357 33 Loket, Tschechien', '', 50.186623, 12.752911, '', '2025-05-31 18:24:45', 4, 18, 6, 2, 'open', NULL),
(199, 'Eiswerker', 'Schweizer Straße 22 Frankfurt am Main ', '', 50.103844, 8.678872, 'Täglich 11 -22.00', '2025-06-01 15:33:03', 40, 34, 15, 1, 'open', NULL),
(200, 'Hasta', 'Zwinglipl. 3, 8001 Zürich', 'https://maps.app.goo.gl/Cw3jDbWyHtXQTLaf7', 47.370426, 8.544234, 'Mo - So: 12.30-18.30', '2025-06-01 19:10:12', 40, 35, 16, 5, 'open', NULL),
(201, 'Eiscafé Gelatogioia & Bistrogioia', 'Eschholzstraße 76, 79115 Freiburg im Breisgau, Deutschland', 'https://maps.app.goo.gl/8bC4o9uAnR9tbEwt6', 47.996853, 7.834734, 'Mo-Do: 9-19 Uhr\nFr-So: 9-21 Uhr', '2025-06-01 19:13:35', 40, 36, 17, 1, 'open', NULL),
(202, 'Imbiss Rußdorfer Sonnenbad', 'Am Gemeindewald 1, 09212 Limbach-Oberfrohna', 'https://limbomar.de/sonnenbad/', 50.856434, 12.726626, 'bei schönem Wetter\nMo-So: 10-20 Uhr\n', '2025-06-01 19:54:47', 2, 5, 3, 1, 'open', NULL),
(204, 'Eisdiele und Eisautomat Borkmann', 'Hauptstraße 202, 04416 Markkleeberg ', 'https://maps.app.goo.gl/1kHWr8apSvTAKm417', 51.261765, 12.377600, 'täglich: 13-18 Uhr\nSamstag geschlossen ', '2025-06-02 14:41:17', 41, 9, 3, 1, 'open', NULL),
(205, 'Eiscafé Florenzia', 'Str. d. Freundschaft 50, 04654 Frohburg', 'https://maps.app.goo.gl/HKn6cHJB8kmVCz6X9', 51.054703, 12.555630, 'Mo-Sa: 14-17 Uhr\nSo: 13-17 Uhr', '2025-06-03 13:56:09', 1, 9, 3, 1, 'open', NULL),
(206, 'Eisdiele Gloria', 'Drei-Quellen-Straße 23, 99094 Erfurt', '', 50.957378, 11.002856, '', '2025-06-03 14:19:29', 30, 38, 1, 1, 'open', NULL),
(207, 'Zum Seeblick', 'Neuendorfer Str. 5, 15913 Märkische Heide', 'http://www.zum-seeblick.com/', 52.129330, 13.943363, 'Mi-So: 12-20 Uhr', '2025-06-08 13:31:30', 2, 39, 5, 1, 'open', NULL),
(208, 'Eis Café Venezia', 'Äußere Plauensche Str. 2, 08056 Zwickau', 'https://maps.app.goo.gl/LodzV7YpLLjJNUMt8', 50.719460, 12.491761, 'Mo-Sa: 11:30-18 Uhr\nSo: 12:30-18 Uhr', '2025-06-11 14:40:41', 47, 5, 3, 1, 'open', NULL),
(209, 'Safran', 'Promenadenstraße 5, 09111 Chemnitz', 'https://www.safran-chemnitz.de/de/speisekarte', 50.839531, 12.914777, '', '2025-06-13 17:54:08', 1, 6, 3, 1, 'open', NULL),
(210, 'Ziegenhof Winter', 'Ernst-Schneller-Straße 62, 09356 St. Egidien', 'http://www.ziegenhof-winter.de/', 50.810127, 12.646865, 'Mai-September:\nWochenende 14-18 Uhr', '2025-06-14 13:56:32', 8, 5, 3, 1, 'seasonal_closed', '2026-05-01'),
(211, 'Neumanns Eisterrasse', 'Schloßallee 2, 01468 Moritzburg', 'http://www.neumannseis.de/', 51.164249, 13.678179, 'täglich: 11-18 Uhr', '2025-06-16 08:21:05', 1, 10, 3, 1, 'open', NULL),
(212, 'Patisserie', 'Leoforos Protara-Kavo Gkreko 37, Protaras 5296, Zypern', 'https://maps.app.goo.gl/55bPsycNBPSTsjMx9', 35.015957, 34.051910, 'täglich: 9 - 0 Uhr', '2025-06-16 15:08:53', 31, 40, 24, 50, 'open', NULL),
(213, 'Bäckerei Steffi Reichardt', 'Am Sportpl. 35A, 04626 Löbichau', 'https://maps.app.goo.gl/xV7Mp6u6Lr4ianJP8', 50.892124, 12.260592, 'Di-Fr: 6-17 Uhr\nSa: 6-10 Uhr', '2025-06-17 07:05:50', 1, 7, 1, 1, 'open', NULL),
(214, 'Café Cineast', 'Kyrkogatan 17, 842 32 Sveg, Schweden', 'https://www.facebook.com/cafecineast', 62.033752, 14.359000, 'Mo-Fr 7.30-17 Uhr\nSa 8-16 Uhr\nSo 9-16 Uhr', '2025-06-17 12:50:33', 50, 41, 25, 40, 'open', NULL),
(215, 'CoffeePoint', 'Pinias 32, Paralimni 5295, Zypern', 'https://maps.app.goo.gl/Z7feycn6u8CzP9Cp8', 35.034939, 34.032768, '', '2025-06-17 14:53:33', 31, 40, 24, 50, 'open', NULL),
(216, 'Pahitice Pernera', 'Pernera 5295, Zypern', 'https://maps.app.goo.gl/ocpRnSLHAEonioJG6', 35.031425, 34.036858, 'Mo - Fr: 11:30 - 23:30 Uhr \nSa - So: 11:30 - 0:00 Uhr', '2025-06-17 20:14:54', 31, 40, 24, 50, 'open', NULL),
(217, 'NAPOLEA Artisan French ice cream', 'Kapparis, Kennedy Ave 16, Paralimni, Zypern', 'https://napolea.com/', 35.051476, 34.013294, 'Mo - So: 10:00 - 1:00 Uhr', '2025-06-17 20:17:06', 31, 40, 24, 50, 'open', NULL),
(218, 'NAPOLEA Artisan French ice cream', 'Protaras Road 61, Protaras 5296, Zypern', 'https://napolea.com/', 35.012157, 34.055901, 'Mo - So: 10:00 - 0:00 Uhr', '2025-06-17 20:22:29', 31, 40, 24, 50, 'open', NULL),
(219, 'To Glykatzidiko - Το Γλυκατζίδικο', 'Protara 51, Protaras 5296, Zypern', 'https://www.foody.com.cy/delivery/ammochostos/to-glykatzidiko-2000480813', 35.014164, 34.054188, 'Mo - So: 8:00 - 23:00 Uhr', '2025-06-17 20:26:04', 31, 40, 24, 50, 'open', NULL),
(220, 'Chillz', 'Protara 46, Protaras 5296, Zypern', 'https://maps.app.goo.gl/jDFDRtHM4CrWtB9A8', 35.013874, 34.054199, '', '2025-06-17 20:28:23', 31, 40, 24, 50, 'open', NULL),
(221, 'Eis Grafe Eula', 'Eulaer Hauptstraße 34, 01683 Nossen', 'http://www.eis-grafe.de/', 51.056416, 13.331430, 'Mo, Di: 11-19 Uhr\nFr-So: 11-19 Uhr', '2025-06-18 05:55:43', 1, 10, 3, 1, 'seasonal_closed', NULL),
(222, 'Eibecks Eiscafé ', 'Töpferstraße 10, 04668 Grimma', 'https://maps.app.goo.gl/kqNuk92gzWGxQy1y7', 51.231506, 12.726912, 'Di-So: 13-18 Uhr', '2025-06-18 14:04:54', 1, 9, 3, 1, 'open', NULL),
(223, 'Bäckerei Dietrich', 'Markt 12, 04680 Colditz', 'https://www.landbaeckerei-dietrich.de/', 51.129330, 12.805280, 'Di-Sa: 7-17 Uhr\nSo: 13-18 Uhr', '2025-06-18 14:53:30', 1, 9, 3, 1, 'open', NULL),
(224, 'Café Duomo ', 'Via Antonietta de Pace 72 73014 Gallipoli LE Italy', 'https://www.facebook.com/caffeduomogallipoli', 40.055012, 17.976328, 'Täglich von 7.30 -1.00 Uhr', '2025-06-18 15:22:23', 49, 42, 26, 3, 'open', NULL),
(225, 'Yianna Marie PAPAFiLiPOU Ice Cream', '23C2+482, Protaras 5296, Zypern', 'https://maps.app.goo.gl/EboAMqHUrvupmE5J8', 35.020260, 34.050728, '', '2025-06-18 20:15:12', 31, 40, 24, 50, 'open', NULL),
(226, 'NAPOLEA Artisan French ice cream', 'Ayia napa, Nissi Ave 9, Ayia Napa 5330, Zypern', 'https://napolea.com/', 34.986832, 33.997154, 'Mo - So: 11:00 - 02:00 Uhr ', '2025-06-18 20:23:03', 31, 43, 24, 50, 'open', NULL),
(227, 'Juoice Eis', 'Archiepieskopou Makariou III 41, Ayia Napa 5330, Zypern', 'https://maps.app.goo.gl/CayJAzuCKGTtDv6R6', 34.984142, 34.001045, '', '2025-06-18 20:28:29', 31, 43, 24, 50, 'open', NULL),
(228, 'Gelateria Graniteria', 'Corso Garibaldi, 61, 73028 Otranto LE, Italien', '', 40.146042, 18.491833, 'Täglich von 13.30-23.30 Uhr', '2025-06-19 12:06:27', 49, 42, 26, 3, 'open', NULL),
(229, 'Natale Pasticceria', 'Via Castello, 30, 73028 Otranto LE, Italien', '', 40.144413, 18.491674, '', '2025-06-19 12:25:13', 49, 42, 26, 3, 'open', NULL),
(230, 'Gelateria Fisotti', 'Largo Cavour, 8, 73028 Otranto LE, Italien', 'https://instagram.com/fisottigelato', 40.146473, 18.491306, 'Täglich von 10.30-23.00 Uhr ', '2025-06-19 12:29:54', 49, 42, 26, 3, 'open', NULL),
(231, 'Eiscafe Oha', 'Bahnhofstraße 4, 99438 Bad Berka', 'https://maps.app.goo.gl/PAsMvnC2L7AW7uET6', 50.899303, 11.283757, 'Di-Fr: 10-18 Uhr\nSa-So: 12-18 Uhr', '2025-06-20 07:04:41', 1, 44, 1, 1, 'open', NULL),
(232, 'Eiscafé Bad Köstritz', 'Bahnhofstraße 1, 07586 Bad Köstritz', 'https://maps.app.goo.gl/98rQXpY7t36ivLU49', 50.929825, 12.011941, 'Di-Sa: 13:30-17:30 Uhr\nSo: 12-18 Uhr', '2025-06-20 07:06:54', 1, 8, 1, 1, 'open', NULL),
(233, 'Imbiss mit Softeis Mittweida', 'Hainichener Str. 66, 09648 Mittweida', '', 50.983101, 12.992401, '', '2025-06-20 07:08:53', 1, 4, 3, 1, 'open', NULL),
(234, 'Caffetteria Antiche', 'Via Luigi Cadorna, 3, 70043 Monopoli BA, Italien', '', 40.948772, 17.298899, '', '2025-06-20 15:19:32', 49, 45, 26, 3, 'open', NULL),
(235, 'Gelateria Sensi', 'Viale Giovanni Paolo II, 9, 73100 Lecce LE, Italien', '', 40.359753, 18.184814, '', '2025-06-20 15:32:44', 49, 42, 26, 3, 'open', NULL),
(236, 'Gelateria del Fico', 'Via dei Bastioni, 73028 Otranto LE, Italien', '', 40.146175, 18.492739, '', '2025-06-20 15:40:39', 49, 42, 26, 3, 'open', NULL),
(237, 'OMG oh my gelato', '', '', 35.013519, 34.054859, '8:00 - 0:00 Uhr', '2025-06-20 17:41:45', 31, 40, 24, 50, 'open', NULL),
(238, 'NAPOLEA Artisan French ice cream Protara', '', '', 35.012463, 34.055531, '10:00 - 1:00 Uhr', '2025-06-20 19:09:15', 31, 40, 24, 50, 'open', NULL),
(239, 'Der Genusshof Mülsen', 'Niedermülsener Hauptstraße 88, 08132 Mülsen', 'https://der-genusshof.de/', 50.785717, 12.513280, 'Do: 14-21 Uhr\nSa + So: 13-18 Uhr', '2025-06-21 03:25:59', 1, 5, 3, 1, 'open', NULL),
(240, 'Gelateria Gasperini dal 1936 - Monopoli', 'Largo Plebiscito, 9, 70043 Monopoli BA, Italien', 'gelateriagasperini.it', 40.952461, 17.300888, '', '2025-06-21 14:24:50', 49, 45, 26, 3, 'open', NULL),
(241, 'Il Capriccio', 'Largo Giuseppe Garibaldi, 37, 70043 Monopoli BA, Italien', '', 40.952957, 17.303329, '', '2025-06-21 14:32:30', 49, 45, 26, 3, 'open', NULL),
(242, 'Caffé Roma', 'Largo Vescovado, 1, 70043 Monopoli BA, Italien', '', 40.950962, 17.302685, '', '2025-06-21 20:46:06', 49, 45, 26, 3, 'open', NULL),
(243, 'EL Greco', '', '', 34.988682, 34.000614, '', '2025-06-22 09:11:05', 52, 43, 24, 50, 'open', NULL),
(244, 'The Backery Co.', '', '', 34.987286, 34.000153, '', '2025-06-22 09:42:18', 52, 43, 24, 50, 'open', NULL),
(245, 'Eiscafe', 'Markt 1, 09427 Ehrenfriedersdorf', '', 50.646088, 12.969719, 'Samstag - Freitag: 13 - 18', '2025-06-22 13:09:15', 23, 3, 3, 1, 'open', NULL),
(246, 'Gelatissimo Ostuni', 'Piazza della Libertà, 6, 72017 Ostuni BR, Italien', '', 40.732170, 17.578165, '', '2025-06-22 14:31:07', 49, 46, 26, 3, 'open', NULL),
(247, 'Quarta Caffe', 'Largo Arcid Teodoro Trinchera, 26, 72017 Ostuni BR, Italien', '', 40.734291, 17.578491, '', '2025-06-22 16:53:39', 49, 46, 26, 3, 'open', NULL),
(248, 'Juoice', '', '', 34.984039, 34.001080, '', '2025-06-23 07:17:45', 52, 43, 24, 50, 'open', NULL),
(249, 'alya', '', '', 34.981724, 34.002174, '', '2025-06-23 07:24:08', 31, 43, 24, 50, 'open', NULL),
(250, 'Camondas ', 'Schloßstraße 5, 01067 Dresden', 'camondas.de', 51.051304, 13.737121, '', '2025-06-23 12:20:55', 5, 11, 3, 1, 'open', NULL),
(251, 'Frosty & Latte', '', '', 34.985844, 34.000530, '', '2025-06-23 17:11:33', 52, 43, 24, 50, 'open', NULL),
(252, 'Il Gelato di Juri', 'Piazza del Popolo, 39, 61121 Pesaro PU, Italien', '', 43.909889, 12.912607, '', '2025-06-24 06:20:19', 49, 48, 32, 3, 'open', NULL),
(253, 'Gelateria Caffetteria', 'Piazza Lazzarini, 1, 61121 Pesaro PU, Italien', '', 43.907661, 12.909372, '', '2025-06-24 06:24:18', 49, 48, 32, 3, 'open', NULL),
(254, 'Fresco', '', '', 34.987637, 34.003757, '', '2025-06-24 07:56:22', 31, 43, 24, 50, 'open', NULL),
(255, 'Pahit Ice', '', '', 34.987354, 34.004864, '', '2025-06-24 08:16:27', 52, 43, 24, 50, 'open', NULL),
(256, 'Ammochostos Motor Museum', '', '', 34.987160, 34.005257, '', '2025-06-24 08:19:15', 52, 43, 24, 50, 'open', NULL),
(257, 'la Bottega da Rossi', 'Via Cesare Battisti, 1, 61010 Tavullia PU, Italien', 'darossi.it', 43.898201, 12.753492, 'Täglich von 9.30-20.00 Uhr ', '2025-06-24 09:31:45', 49, 48, 32, 3, 'open', NULL),
(258, 'Ristorante di Russillo', 'Otto-Weidt-Platz 13, 10557 Berlin', '', 52.533878, 13.367354, 'Di-So 12:00-22-00', '2025-06-24 16:08:26', 48, 37, 18, 1, 'open', NULL),
(259, 'PAHITice', 'Protara 5296, Paralimni 5296, Zypern', 'https://maps.app.goo.gl/qaTJpoQaVPQEyqjN7', 35.016556, 34.050476, 'täglich: ab 9:30 Uhr', '2025-06-24 18:31:49', 31, 40, 24, 50, 'open', NULL),
(260, '26 Avenue', '', '', 35.016117, 34.051243, '', '2025-06-24 18:55:42', 52, 40, 24, 50, 'open', NULL),
(261, 'Gelateria Victory', 'Viale Colombo, 61032 Fano PU, Italien', '', 43.846535, 13.018785, '', '2025-06-25 14:30:43', 49, 48, 32, 3, 'open', NULL),
(262, 'Gelateria Makì', 'Piazza degli Avveduti, 1, 61032 Fano PU, Italien', '', 43.845184, 13.017537, '', '2025-06-25 14:38:36', 49, 48, 32, 3, 'open', NULL),
(263, 'Café Konditorei Praschberger & Hotel Garni & Appartements Ilgerhof', 'Dorfpl. 4, 6344 Walchsee, Österreich', '', 47.651470, 12.318334, '', '2025-06-25 14:44:24', 49, 49, 33, 34, 'open', NULL),
(264, 'Five Colours', '', '', 34.987339, 33.993698, '', '2025-06-25 19:04:27', 52, 43, 24, 50, 'open', NULL),
(265, 'Mr. Borella', 'Elbepark Dresden', '', 51.084805, 13.695317, '', '2025-06-27 14:29:19', 8, 11, 3, 1, 'open', NULL),
(266, 'Chocolatier Thierry Mulhaupt', '6 Pl. de l\'École, 68000 Colmar, Frankreich', '', 48.077847, 7.355972, '', '2025-06-28 15:22:11', 1, 24, 9, 4, 'open', NULL),
(267, 'Eiscafé Da Capo', '', '', 51.760521, 14.333292, '', '2025-06-29 13:03:43', 63, 50, 5, 1, 'open', NULL),
(268, 'GILLY pâtissier chocolatier glacier', '48 Rue du Général de Gaulle, 38520 Le Bourg-d\'Oisans, Frankreich', '', 45.054401, 6.031163, '', '2025-06-29 15:36:49', 1, 51, 34, 4, 'open', NULL),
(269, 'L\'atelier d\'écrin glacé', '19 Av. de la République, 38520 Le Bourg-d\'Oisans, Frankreich', '', 45.054810, 6.029787, 'Mo: Ruhetag\nDi-Sa: 8-12 & 14-18:30 Uhr\nSo: 8-12 Uhr', '2025-06-29 15:38:26', 1, 51, 34, 4, 'open', NULL),
(270, 'Das Eiscafé · Am Brandenburger Tor', 'Brandenburger Str. 70, 14467 Potsdam', '', 52.399769, 13.048787, '', '2025-06-29 16:54:55', 23, 52, 5, 1, 'open', NULL),
(271, 'Bioladen Remse', 'August-Bebel-Straße 34, 08373 Remse', 'https://bioladen-remse.de/', 50.854378, 12.568687, 'Mo, Mi, Do, Fr: 9-12 Uhr & 14-18 Uhr', '2025-06-29 18:11:31', 52, 5, 3, 1, 'open', NULL),
(272, 'Caffe Bar Adriatic', 'Ul. Titova Riva 15, 52212, Fažana, Kroatien', '', 44.925823, 13.802862, '', '2025-06-29 21:15:24', 53, 53, 35, 22, 'open', NULL),
(273, 'Berries', 'Dr.-Charlotte-Krenzer-Straße 1C, 09337 Hohenstein-Ernstthal', 'https://www.instagram.com/berries_cold_and_sweet/?hl=de', 50.806881, 12.749924, 'Mo - Fr 13:00- 18:00 Uhr\nSa - So 11:00 - 18:00 Uhr', '2025-06-29 21:18:59', 4, 5, 3, 1, 'open', NULL),
(275, 'Re del gelato', '', '', 44.926075, 13.802937, '', '2025-06-30 18:23:47', 53, 53, 35, 22, 'open', NULL),
(276, 'Slastičarna Kairo', '', '', 45.316555, 13.560691, '', '2025-07-01 09:49:01', 53, 53, 35, 22, 'open', NULL),
(277, 'Eiscafé Mario Gelato', 'Arndtstr. 2', 'https://www.mario-gelato.de', 51.276794, 12.398036, 'Montag - Freitag\n11.00 - 18.00 Uhr\nSamstag, Sonntag & Feiertags\n13.00 - 18.00 Uhr', '2025-07-01 17:10:23', 41, 9, 3, 1, 'open', NULL),
(278, 'Il Palazzo -  Cafégarten', 'Im Dölitzer Holz 20, 04416 Markkleeberg ', 'https://www.ristorante-il-palazzo-leipzig.de', 51.284863, 12.381129, 'Mi-So ab 12:00', '2025-07-01 17:16:40', 41, 54, 3, 1, 'open', NULL),
(279, 'HOTEL DES ALPES', '21 Rue du Général de Gaulle, 38520 Le Bourg-d\'Oisans, Frankreich', '', 45.054462, 6.030721, '', '2025-07-02 13:10:11', 1, 51, 34, 4, 'open', NULL),
(280, 'Slasticarnia Charlie', '', '', 44.867695, 13.848991, '', '2025-07-02 19:13:32', 53, 53, 35, 22, 'open', NULL),
(281, 'San Tommaso', '', '', 45.080910, 13.636270, '', '2025-07-03 08:18:37', 53, 53, 35, 22, 'open', NULL),
(282, 'Arlequin', '21 Rue de la Madeleine, 30000 Nîmes, Frankreich', 'https://maps.app.goo.gl/JePa7NbewqvbU1HT9', 43.837463, 4.357789, '', '2025-07-03 10:36:11', 1, 55, 10, 4, 'open', NULL),
(284, 'Le Glacier', 'Pl. du Marché, 30000 Nîmes, Frankreich', 'https://maps.app.goo.gl/ZbkH1g6RyzpA725q8', 43.835949, 4.358649, '', '2025-07-03 10:56:12', 1, 55, 10, 4, 'open', NULL),
(285, 'La Pause d\'Auguste', '2 Rue Auguste, 30000 Nîmes, Frankreich', '', 43.838608, 4.356113, '', '2025-07-03 11:35:19', 1, 55, 10, 4, 'open', NULL),
(286, 'Samanda', 'Heger Str. 25, 49074 Osnabrück', '', 52.276756, 8.039948, 'Täglich 12:00-20:00 Uhr', '2025-07-03 15:03:15', 55, 56, 22, 1, 'open', NULL),
(287, 'étangourmand', '17 Ter, Av. Louis Tudesq, 34140 Bouzigues, Frankreich', 'https://maps.app.goo.gl/52Kxynb5iCHtJpsY9', 43.447582, 3.657246, 'Sa-Di: 11-23 Uhr\nMi-Fr: 13-18:30 Uhr', '2025-07-03 16:04:05', 1, 25, 10, 4, 'open', NULL),
(288, 'Iismeer', 'Strandstraße 25, 25996 Wenningstedt-Braderup (Sylt), Deutschland', 'iismeer.com', 54.936954, 8.316489, '13-23 Uhr', '2025-07-04 06:46:59', 40, 57, 30, 1, 'open', NULL),
(289, 'Canalettini - Eis Eis Baby', 'Am Markt 14, 01796 Pirna, Deutschland', '', 50.962444, 13.941173, '', '2025-07-04 06:53:40', 40, 17, 3, 1, 'open', NULL),
(290, 'Gelateria di Berna', 'Röschibachstrasse 79, 8037 Zürich', '', 47.393452, 8.528927, '', '2025-07-04 11:40:20', 40, 35, 16, 5, 'open', NULL),
(292, 'Caffè Panis', '3 Pl. du Marché aux Fleurs, 34000 Montpellier, Frankreich', 'https://maps.app.goo.gl/wVJoAZ73w2RFaxD89', 43.611637, 3.877479, 'täglich: 9-1 Uhr', '2025-07-05 13:39:41', 1, 25, 10, 4, 'open', NULL),
(293, 'Karl mag\'s süß ', 'Untere Aktienstraße 12; 09111 Chemnitz', '', 50.841892, 12.923957, 'Di-So 14-18', '2025-07-05 14:01:44', 54, 6, 3, 1, 'open', NULL),
(294, 'Soardo ', '', '', 45.040405, 13.786522, '', '2025-07-05 19:00:48', 53, 53, 35, 22, 'open', NULL),
(295, 'Ísbúðin litla Valdís', 'Frakkastígur 10, 101 Reykjavík, Island', '', 64.144592, -21.925524, '', '2025-07-05 19:41:20', 8, 58, 36, 19, 'open', NULL),
(296, 'La Glacerie', '20 Quai Antonin Gros, 34340 Marseillan, Frankreich', 'https://maps.app.goo.gl/rKNamzZrc6RbcYfu5', 43.353603, 3.532972, '', '2025-07-06 09:11:49', 1, 25, 10, 4, 'open', NULL),
(297, 'Glacier Lait Délices de Lozère', '1 Rue des Marines de Saint-Clair, 34200 Sète, Frankreich', 'https://maps.app.goo.gl/HfFjjvfB3Uincc8t8', 43.394562, 3.663196, '', '2025-07-06 13:22:29', 1, 25, 10, 4, 'open', NULL),
(298, 'Brandestini Gelateria', '', '', 44.868378, 13.846084, 'Täglich 9:00-0:00', '2025-07-06 21:02:59', 53, 53, 35, 22, 'open', NULL),
(300, 'Gelato Closseo', '', '', 44.871574, 13.845214, '', '2025-07-06 21:09:35', 53, 53, 35, 22, 'open', NULL),
(301, 'Benetille', '11 Pl. du Parlement, 33000 Bordeaux, Frankreich', 'https://maps.app.goo.gl/rN76aZzKoNoVLk537', 44.840782, -0.572334, 'Täglich: 13-23:30 Uhr', '2025-07-07 20:30:50', 1, 59, 37, 4, 'open', NULL),
(302, 'Pepite Cookie - Bordeaux St Pierre', '7 Rue du Pas-Saint-Georges, 33000 Bordeaux, Frankreich', 'https://pepite-cookie.fr/', 44.840061, -0.572065, '', '2025-07-07 20:33:12', 1, 59, 37, 4, 'open', NULL),
(303, 'Piccoli', 'Lange Straße 65, 32756 Detmold ', '', 51.935741, 8.880555, '', '2025-07-08 12:26:47', 62, 60, 23, 1, 'open', NULL),
(304, 'Ô Sorbet d\'Amour', '2 Av. Pasteur, 33510 Andernos-les-Bains, Frankreich', 'https://www.osorbetdamour.fr/', 44.739895, -1.100503, 'Täglich: 14-19 Uhr ', '2025-07-08 15:39:29', 1, 59, 37, 4, 'open', NULL),
(305, 'Das Casa Eisautomat', 'Widdern,  Heilbronner Strasse', 'https://dascasa.de/', 49.314968, 9.420497, 'Öffnungszeiten 7x24 h\nAutomat mit Eis im Becher vom Würzburger Café Casa', '2025-07-08 19:52:40', 81, 61, 17, 1, 'open', NULL),
(306, 'Restaurant Fjord', '', '', 45.131702, 13.733811, '', '2025-07-08 20:09:53', 53, 53, 35, 22, 'open', NULL),
(307, 'Gelateria Quincy Market', '', '', 42.360180, -71.054893, '', '2025-07-08 20:33:58', 8, 62, 38, 52, 'open', NULL),
(308, 'Maison Pariès', '101 Rue de la Prte Dijeaux, 33000 Bordeaux, Frankreich', 'https://www.paries.fr/', 44.840755, -0.579448, '', '2025-07-09 09:12:39', 1, 59, 37, 4, 'open', NULL),
(309, 'La Toque Cuivrée', '82-84 Rue Sainte-Catherine, 33000 Bordeaux, Frankreich', 'https://maps.app.goo.gl/gPfY4B2K3tdWLqRK6', 44.838837, -0.573939, 'Täglich 8-20 Uhr', '2025-07-09 09:55:28', 1, 59, 37, 4, 'open', NULL),
(310, 'Amorino', '60 Rue Saint-Rémi, 33000 Bordeaux, Frankreich', 'https://www.amorino.com', 44.841125, -0.573658, 'So-Do: 13-23:30 Uhr\nFr&Sa: 13-0 Uhr', '2025-07-09 10:08:19', 1, 59, 37, 4, 'open', NULL),
(311, 'Jolly', '7 Pl. du Parlement, 33000 Bordeaux, Frankreich', '', 44.840477, -0.572077, 'Mo-Fr: 12-23 Uhr\nSa: 12-0 Uhr\nSo: 12-21:30 Uhr', '2025-07-09 10:37:00', 1, 59, 37, 4, 'open', NULL),
(312, 'Eis Molin', 'Arminiusstr. 4, 33175 Bad Lippspringe', '', 51.783344, 8.819376, '', '2025-07-10 10:24:17', 62, 63, 23, 1, 'open', NULL),
(313, 'Buonissimo Würzburg', 'Rottendorfer Str 69 97074 Würzburg', '', 49.790756, 9.968308, '12.00 -21.09', '2025-07-10 14:12:25', 87, 64, 7, 1, 'open', NULL),
(314, 'Bäckerei Bräunig', '09427 Ehrenfriedersdorf Thomas-Mann-Str. 8', '', 50.643753, 12.966508, 'Di-Sa: 6 - 17 Uhr\nSo: 13:30 - 17 Uhr', '2025-07-10 14:17:14', 87, 3, 3, 1, 'open', NULL),
(315, 'Milk Bar', '8 Market Arcade, Victorian Market, inverness', '', 57.479179, -4.224997, 'Mo-Sa 08:00-16:00 Uhr\nSo 11:00-16:00', '2025-07-10 14:39:50', 86, 65, 39, 48, 'open', NULL);
INSERT INTO `eisdielen` (`id`, `name`, `adresse`, `website`, `latitude`, `longitude`, `openingHours`, `erstellt_am`, `user_id`, `landkreis_id`, `bundesland_id`, `land_id`, `status`, `reopening_date`) VALUES
(316, 'Eismanufaktur Glauchau', 'Fussgängerzone, Leipziger Str. 85, 08371 Glauchau', '', 50.819935, 12.542578, 'Di-So: 11-18 Uhr', '2025-07-10 14:59:09', 52, 5, 3, 1, 'open', NULL),
(317, 'Leonidas', '25 Rue Gargoulleau 25, 17000 La Rochelle, Frankreich', 'https://la-rochelle.leonidas.com/', 46.161922, -1.152021, 'Mo: 13-19 Uhr\nDi-Sa: 10-19 Uhr', '2025-07-10 16:30:16', 1, 66, 37, 4, 'open', NULL),
(318, 'Szamos', '', '', 47.505512, 19.048019, '', '2025-07-10 16:54:35', 48, 67, 40, 46, 'open', NULL),
(319, 'pertè', '', '', 47.502048, 19.051880, '', '2025-07-10 17:09:10', 48, 67, 40, 46, 'open', NULL),
(320, 'Nagyi Palacsintazoja', '', '', 47.506218, 19.038111, '', '2025-07-10 17:23:22', 48, 67, 40, 46, 'open', NULL),
(321, 'Leone', '', '', 44.927315, 13.803077, 'Tägl. 9:00-23:00', '2025-07-10 19:29:55', 53, 53, 35, 22, 'open', NULL),
(322, 'Volo', '14 Rue Balzac, 37190 Azay-le-Rideau, Frankreich', 'https://maps.app.goo.gl/o5Q9BZKe3TU5bv576', 47.260937, 0.466787, 'Täglich 12-23 Uhr', '2025-07-11 11:24:33', 1, 68, 41, 4, 'open', NULL),
(323, 'MIO Bistro Caffé Gelato Sylt', 'Friedrichstraße 12, 25980 Sylt', '', 54.907845, 8.305074, '', '2025-07-11 12:58:29', 40, 57, 30, 1, 'open', NULL),
(324, 'Saveurs de Loire', '3 Rue Principale, 37420 Rigny-Ussé, Frankreich', '', 47.251881, 0.297737, 'Täglich 11-18 Uhr ', '2025-07-11 14:54:00', 1, 68, 41, 4, 'open', NULL),
(325, 'Gosch am Kliff', 'Dünenstraße 17 a, 25996 Wenningstedt-Braderup (Sylt), Deutschland', '', 54.936050, 8.315457, '', '2025-07-11 15:39:54', 40, 57, 30, 1, 'open', NULL),
(326, 'Rosso Arancio', 'Stauffacherstrasse 37, 8004 Zürich', '', 47.373863, 8.528423, '', '2025-07-11 15:42:56', 40, 35, 16, 5, 'open', NULL),
(327, 'Eiscafe Teo', 'Schloßstrasse 23, 34454 Bad Arolsen', '', 51.380070, 9.020294, '', '2025-07-11 17:25:12', 62, 69, 15, 1, 'open', NULL),
(328, 'Amorino', '1 Pl. Plumereau, 37000 Tours, Frankreich', 'https://www.amorino.com/', 47.394444, 0.681726, 'Täglich 13:30-23 Uhr', '2025-07-12 03:31:41', 1, 68, 41, 4, 'open', NULL),
(330, 'AuTours d\'une Glace', '96 Rue Colbert, 37000 Tours, Frankreich', 'https://www.autoursduneglace.bio/', 47.396099, 0.691525, 'Mo: 13:15 - 23:15 Uhr\nDi & Mi: 13:45 - 22:45 Uhr\nDo & Fr: 13:45 - 23:15 Uhr\nSa: 13:15 - 23:30 Uhr\nSo: 13:15 - 22 Uhr', '2025-07-12 03:40:58', 1, 68, 41, 4, 'open', NULL),
(331, 'Crêperie du Château', '37150 Chenonceaux, Frankreich', '', 47.329971, 1.066468, 'Täglich 10-17 Uhr', '2025-07-12 10:52:09', 1, 68, 41, 4, 'open', NULL),
(332, 'Pause Caffè', '26 Pl. Michel Debré, 37400 Amboise, Frankreich', '', 47.412720, 0.985211, 'Täglich 11-20 Uhr', '2025-07-12 13:45:36', 1, 68, 41, 4, 'open', NULL),
(333, 'Patisserie Chocolaterie Bigot', '2 Rue nationale, 37400 Amboise, Frankreich', '', 47.412868, 0.984221, '', '2025-07-12 13:51:26', 1, 68, 41, 4, 'open', NULL),
(334, 'Eiscafe Piccoli', 'Osterstr. 14. 31785 Hameln', 'www.piccoli.de', 52.104622, 9.359181, 'tgl. 9 - 20 Uhr', '2025-07-12 15:31:43', 62, 70, 22, 1, 'open', NULL),
(335, 'La Fenêtre', '42 Pl. Michel Debré, 37400 Amboise, Frankreich', '', 47.412655, 0.985886, 'So-Fr: 14-19:30 Uhr\nSa: 14-20 Uhr', '2025-07-12 17:55:21', 1, 68, 41, 4, 'open', NULL),
(336, 'Au Plaisir de Chinon', '11 Rue du Commerce, 37500 Chinon, Frankreich', '', 47.166187, 0.239190, '', '2025-07-13 11:50:56', 1, 68, 41, 4, 'open', NULL),
(337, 'Eiscafé Venezia', '', '', 47.884190, 12.418409, 'Täglich 10-21Uhr', '2025-07-14 09:25:16', 53, 71, 7, 1, 'open', NULL),
(338, 'La Promenade Angers', '3 Prom. du Bout du Monde, 49100 Angers, Frankreich', 'https://airbnbangers.fr/la-promenade/', 47.470394, -0.558576, 'Mo: 12:30 - 18:30 Uhr\nDi: 12 - 17:30 Uhr\nMi-So: 12 - 18:30 Uhr', '2025-07-14 10:18:16', 1, 72, 42, 4, 'open', NULL),
(339, 'Eis-Cafe Sardegna', 'Breisach Rheinstraße 1', '', 48.028194, 7.583112, 'Tägl. 13-21 Uhr', '2025-07-14 13:48:39', 81, 73, 17, 1, 'open', NULL),
(340, 'Crêperie Solid\'Or', '7 Esp. du Commandant Menguy, 35400 Saint-Malo, Frankreich', 'https://creperie-solidor.com/', 48.635326, -2.023062, 'Täglich 12-22 Uhr', '2025-07-14 17:29:32', 1, 74, 43, 4, 'open', NULL),
(341, 'Venezia Bansin', 'Bergstraße 8, 17429 Heringsdorf', '', 53.972229, 14.144113, 'Mo-Fr: 10:00-21:30', '2025-07-14 19:38:53', 88, 75, 21, 1, 'open', NULL),
(342, 'Wintergarten Café & Bar', 'Kulmstraße 33, 17424 Heringsdorf', '', 53.957462, 14.167195, 'Mo-Fr: 12:00-17:00; 18:00-23:00', '2025-07-14 19:42:31', 88, 75, 21, 1, 'open', NULL),
(343, 'Café Eiscafé Venezia', 'Steinstraße 28, 14776 Brandenburg an der Havel', '', 52.406666, 12.559109, 'Mo-Fr: 12:00-18:00', '2025-07-14 19:46:19', 88, 76, 5, 1, 'open', NULL),
(344, 'Brückencafé am Heineufer', 'Hauptstraße 80, 14776 Brandenburg an der Havel', '', 52.411396, 12.556594, 'Mo-So: 10:00-18:00 Uhr ', '2025-07-14 19:52:14', 88, 76, 5, 1, 'open', NULL),
(345, 'The Sweet Shoppe', '', '', 44.306541, -71.772957, '', '2025-07-14 20:27:25', 8, 77, 44, 52, 'open', NULL),
(347, 'Sanchez l’annexe', '3 Pl. du Pilori, 35400 Saint-Malo, Frankreich', 'https://maps.app.goo.gl/Mi7UxdR9tnGGnzzP8', 48.648800, -2.025744, 'Täglich 11-19 Uhr ', '2025-07-15 12:29:33', 1, 74, 43, 4, 'open', NULL),
(348, 'Go.fre Gent, Belgian waffles - ice cream', '', 'gifte.be', 51.052139, 3.721747, '10:30-18:30 Mo-So', '2025-07-15 12:46:44', 86, 78, 45, 10, 'open', NULL),
(349, 'Gelato Artignale', '', '', 45.441738, 12.322937, '', '2025-07-15 19:46:41', 90, 79, 46, 3, 'open', NULL),
(350, 'Nonno - Il mondo gelato', '', 'https://www.nonno.be/', 51.049873, 3.726255, '', '2025-07-17 11:59:42', 86, 78, 45, 10, 'open', NULL),
(351, 'Moustache artisan glacier Glaces Moustache-Artisan Glacier', '26 Quai Gambetta, 35260 Cancale, Frankreich', 'https://www.glaces-moustache.fr/', 48.670853, -1.855570, 'Täglich: 13:30-21 Uhr', '2025-07-17 12:02:31', 1, 74, 43, 4, 'open', NULL),
(352, 'La Caraque - Crêperie à St Malo', '3 Quai Solidor, 35400 Saint-Malo', 'https://lacaraque-saintmalo.eatbu.com/', 48.635296, -2.022731, 'täglich: 12-14:30 Uhr & 19-22 Uhr', '2025-07-17 20:52:57', 1, 74, 43, 4, 'open', NULL),
(353, 'Emils 1910 Chemnitz Siegmar', 'Mauersbergerstraße 2a, 09117 Chemnitz', '', 50.806873, 12.850614, 'Mo-Fr: 6-18 Uhr\r\nSa-So: 7-18 Uhr', '2025-07-18 09:36:38', 52, 6, 3, 1, 'open', NULL),
(354, 'Vente à emporter ', '6 Quai Sainte-Catherine, 14600 Honfleur, Frankreich', '', 49.421143, 0.233210, '', '2025-07-18 11:57:37', 1, 80, 47, 4, 'open', NULL),
(355, 'Colosseum Bistro & Eiscafé', 'Ernst-August-Platz 1, 30159 Hannover', '', 52.377045, 9.741594, 'Mo-So 08:00-22:00', '2025-07-18 13:25:55', 86, 81, 22, 1, 'open', NULL),
(356, 'eisice Pinguin', 'Brühl 48, 09111 Chemnitz', 'https://www.eisice-pinguin.de/', 50.843540, 12.925604, 'Mo-Mi: Optional, wenn die Sonne lacht\nDonnerstag: 14:00 - 18:00 Uhr \nFreitag: 14:00 - 18:00 Uhr \nSamstag: 13:00 - 18:00 Uhr \nSonntag: 13:00 - 18:00 Uhr \n', '2025-07-18 15:13:49', 54, 6, 3, 1, 'open', NULL),
(357, 'Les Gourmandises', '1 Rue St Sabin, 75011 Paris, Frankreich', '', 48.854530, 2.371368, 'Montag\n14:00 bis 19:30\nDienstag\n14:00 bis 20:00\nMittwoch\n14:00 bis 22:30\nDonnerstag\n14:00 bis 22:30\nFreitag\n15:00 bis 23:00\nSamstag\n14:00 bis 23:30\nSonntag\n14:00 bis 19:00', '2025-07-18 16:15:57', 55, 82, 48, 4, 'open', NULL),
(358, 'Jean Trogneux', '23 Rue André, 80000 Amiens, Frankreich', 'https://www.trogneux.fr/', 49.895531, 2.300255, 'Täglich: 10-19 Uhr', '2025-07-18 18:02:13', 1, 83, 49, 4, 'open', NULL),
(359, 'Glaces', '', '', 49.899132, 2.306560, '', '2025-07-18 18:04:46', 1, 83, 49, 4, 'open', NULL),
(360, 'Am Schloß 2, 38855 Wernigerode', 'Am Schloß 2, 38855 Wernigerode', '', 51.830051, 10.795042, 'So-Do 10:30-18:00\nFr&SA 10:30-19:00', '2025-07-19 09:36:48', 86, 84, 2, 1, 'open', NULL),
(361, 'Gelateria Luna Rossa', 'Hoogbrugstraat 45, 6221 CP Maastricht, Niederlande', 'https://maps.app.goo.gl/nxEhPBLytQSmX3uu6', 50.847301, 5.699349, 'Täglich: 10-22 Uhr', '2025-07-19 10:23:14', 1, 85, 50, 31, 'open', NULL),
(362, 'Ties ijssalon/koffiebar', 'Sint Amorsplein 1, 6211 GT Maastricht, Niederlande', 'https://mymenuweb.com/int/restaurants/1762821/?utm_source=google_profile&utm_medium=google_profile&utm_campaign=admin', 50.848965, 5.690974, 'Mo-Fr: 11-19 Uhr\nSa&So: 11-23 Uhr', '2025-07-19 11:21:51', 1, 85, 50, 31, 'open', NULL),
(363, 'La Golosa Gelato ', 'Gerechtigkeitsgasse 24, 3011 Bern, Schweiz', '', 46.948673, 7.455282, '', '2025-07-19 11:45:05', 45, 86, 51, 5, 'open', NULL),
(364, 'Eiscafe Sabine', 'Leinestraße 9-11, 04279 Leipzig', 'http://www.eiscafe-sabine.de/', 51.287594, 12.394139, 'Mi + Fr: 11:00 -18:00 Uhr\nSa + So: 7:00 - 18:00 Uhr', '2025-07-19 15:31:57', 31, 54, 3, 1, 'open', NULL),
(365, 'Eiscafe Oase ', 'Bornaische Str. 109, 04279 Leipzig', 'https://www.instagram.com/eiscafeoaseleipzig?igsh=YXV5YzNzbHEzajYy', 51.296055, 12.386237, '14 - 18 Uhr', '2025-07-19 15:34:19', 31, 54, 3, 1, 'open', NULL),
(366, 'Imbiss an der Rheinfähre', '', '', 50.358936, 7.604556, '', '2025-07-19 15:38:24', 1, 87, 28, 1, 'open', NULL),
(367, 'Eissalon Brustolon', 'Firmungstraße 34, 56068 Koblenz', 'http://eiscafe-brustolon.de/', 50.360722, 7.598759, 'Täglich: 12-20 Uhr', '2025-07-19 17:28:20', 1, 87, 28, 1, 'open', NULL),
(368, 'VINETA ', 'Alte F95 1, 04463 Großpösna', 'https://www.vineta-stoermthal.de/gastronomie-feiern-an-land/vineta-bistro-freisitz', 51.229210, 12.439941, 'Mo-Mi: 10-18 Uhr\r\nDo-Fr: 10-20 Uhr\r\nSa: 10-16 Uhr\r\nSo: 10-20 Uhr', '2025-07-20 10:51:38', 31, 9, 3, 1, 'open', NULL),
(369, 'Imbiss Alte Ziegelei', 'Nach den Steegen 2, 09399 Niederwürschnitz', '', 50.734653, 12.768217, 'Mi.- So.: 11 - 18 Uhr', '2025-07-20 11:59:35', 62, 3, 3, 1, 'open', NULL),
(370, 'Waldeck Gaststube', 'Emil-Riedel-Straße 52, 09484 Oberwiesenthal', '', 50.436325, 12.967472, 'Mo-Di: 11-16 Uhr\r\nMi-So: 12-20 Uhr', '2025-07-20 14:32:57', 23, 3, 3, 1, 'open', NULL),
(371, 'Eiskrämer - Goldhelm', 'Kreuzgasse 5, 99084 Erfurt', 'https://www.goldhelm-schokolade.com/eiskraemer/eiskraemer-natur-eis/?srsltid=AfmBOorMvSXi_dEaoNVK86LR47PvTjH20fuXLSqqPB59NFErq0fKOA9H', 50.979317, 11.029938, 'Mo-Do: 10-18 Uhr, Fr-Sa: 10-20 Uhr, So: 12-18 Uhr', '2025-07-21 09:05:17', 30, 38, 1, 1, 'open', NULL),
(372, 'Tambayan', '45 N 12th St, Philadelphia, PA 19107, Vereinigte Staaten', 'https://www.tambayanphilly.com/', 39.953323, -75.159210, 'täglich: 9-18 Uhr', '2025-07-21 19:56:59', 93, 88, 52, 52, 'open', NULL),
(374, 'Bäckerei Förster ', 'August-Bebel-Straße 37a, 08373 Remse', '', 50.853912, 12.567254, 'Mo-Fr: 6-17 Uhr\nSa: 6-11 Uhr', '2025-07-22 03:29:21', 31, 5, 3, 1, 'open', NULL),
(375, 'Memory ', 'Ellmau / Tirol ', '', 47.513729, 12.305258, '', '2025-07-22 15:42:08', 94, 49, 33, 34, 'open', NULL),
(376, 'Piazza Colombo ', 'Marktpl. 9, 38855 Wernigerode', 'Piazza-colombo.de', 51.833248, 10.784990, 'Do-Di 11:30-23:00\nMi geschlossen ', '2025-07-23 09:52:05', 86, 84, 2, 1, 'open', NULL),
(377, 'Kohr\'s', '1927 Promenade, Seaside Park, NJ 08752', '', 39.936302, -74.071815, '', '2025-07-23 20:05:34', 93, 89, 53, 52, 'open', NULL),
(378, 'Anita La Mamma Del Gelato', '1141 Broadway, 10001 NY', '', 40.743893, -73.989098, 'Sun-Sat 8-12 am', '2025-07-24 21:39:30', 8, 90, 54, 52, 'open', NULL),
(379, 'Altwernigeröder Kartoffelhaus ', 'Marktstraße 14, 38855 Wernigerode', 'https://kartoffelhaus-wernigerode.de/', 51.831944, 10.785468, 'Do-Mo 11:30-14:00 und 17:00-22:00\nDi 17:00-22:00\nMi geschlossen ', '2025-07-25 11:20:47', 86, 84, 2, 1, 'open', NULL),
(380, 'Eiscafé Kriebstein', 'Kriebsteiner Str. 5, 09648 Kriebstein', '', 51.042782, 13.012838, 'Di-Sa: 13-17 Uhr\nSo: 13-18 Uhr', '2025-07-25 12:31:16', 1, 4, 3, 1, 'seasonal_closed', NULL),
(381, 'Gelati MILCHBUCK', 'Schaffhauserstr. 120', '', 47.396080, 8.540727, '', '2025-07-25 20:11:55', 22, 35, 16, 5, 'open', NULL),
(382, 'EISVOGEL ZENTRALE FÜR GUTES', 'Ottostrasse 15, 8005 Zürich', 'http://www.zentrale.ch/', 47.386387, 8.525505, 'Di-So 12.15-18.30', '2025-07-26 15:01:31', 40, 35, 16, 5, 'open', NULL),
(383, 'Queijaria Central', 'Av. Central 38, 4710-229 Braga, Portugal', '', 41.551044, -8.422287, 'Täglich 08:30 h bis 19:30 h ', '2025-07-26 18:12:15', 4, 91, 55, 36, 'open', NULL),
(384, 'Popbar', 'R. Augusta 139, 1100-079 Lisboa, Portugal', '', 38.711315, -9.137935, '11.30-23.00 Uhr', '2025-07-26 21:36:38', 30, 92, 56, 36, 'open', NULL),
(385, 'Gelats', '', '', 41.363487, 2.165999, '', '2025-07-27 14:03:03', 63, 93, 57, 44, 'open', NULL),
(386, 'Santini Gelati e Caffe\'', 'Bismarckring 14, 65183 Wiesbaden', 'santini-gelato.de', 50.079605, 8.229332, 'Mo-Fr 8-20 Uhr ', '2025-07-27 14:13:14', 98, 94, 15, 1, 'open', NULL),
(387, 'Bar alla Spiaggia', '', '', 45.809532, 10.793488, '', '2025-07-28 12:57:31', 2, 95, 8, 3, 'open', NULL),
(388, 'Der Eisstand, der keinen Namen hat', 'Parc de les Dunes ', '', 41.791084, 3.049315, 'Nicht bekannt ', '2025-07-28 14:45:03', 99, 96, 57, 44, 'open', NULL),
(389, 'Gelateria Patagonia', '', '', 45.440495, 10.994798, '', '2025-07-29 12:06:53', 2, 97, 46, 3, 'open', NULL),
(390, 'Leo\'s ', 'Viktualienmarkt, 80331 München', '', 48.135517, 11.576181, 'Mo-Sa: 8-18 Uhr', '2025-07-29 12:49:07', 96, 98, 7, 1, 'open', NULL),
(391, 'Bar Gelateria Valentino Pub Pizzeria Valentino', 'Via Milano, 10, 23033 Grosio SO, Italien', 'https://maps.app.goo.gl/rziQNDzXtjmhneDL9', 46.294971, 10.270720, 'täglich: 9-2 Uhr\nMittwoch: geschlossen', '2025-07-31 15:55:18', 23, 99, 8, 3, 'open', NULL),
(392, 'CremaCaffè Malcesine', 'Viale Roma 5a, Malcesine', '', 45.762295, 10.807516, '', '2025-08-01 12:30:33', 2, 97, 46, 3, 'open', NULL),
(393, 'Café Anna', 'Schloß 1, 09573 Augustusburg', 'https://www.augustusburg-schloss.de/besuch-planen#c6166', 50.812794, 13.098919, 'täglich: 10-17 Uhr', '2025-08-01 14:16:49', 8, 4, 3, 1, 'open', NULL),
(394, 'Gelateria', 'Via Roma, 13, 25056 Ponte di Legno BS, Italien', '', 46.256931, 10.500860, '', '2025-08-01 16:18:02', 23, 95, 8, 3, 'open', NULL),
(395, 'Gelateria ', 'Corso Milano, 40, 25056 Ponte di Legno BS, Italien', '', 46.260201, 10.508710, '', '2025-08-01 18:43:22', 23, 95, 8, 3, 'open', NULL),
(396, 'CARAMBOLA', 'Carrer de Lepant, 269, L\'Eixample, 08013 Barcelona', '', 41.404575, 2.176329, '', '2025-08-01 18:45:24', 63, 93, 57, 44, 'open', NULL),
(397, 'Riviera', '', '', 45.505859, 10.731180, '', '2025-08-02 12:09:19', 2, 97, 46, 3, 'open', NULL),
(398, 'Dolom\'ice Gelato e Cioccolato artigianale', 'Piazza Pernici, 7, 38086 Pinzolo TN, Italien', '', 46.158306, 10.765566, '10.00 - 22.30', '2025-08-02 13:23:55', 23, 30, 12, 3, 'open', NULL),
(399, 'Gelateria Europeo', 'Corso Trento, 63, 38086 Pinzolo TN, Italien', '', 46.156357, 10.766048, '', '2025-08-02 13:24:47', 23, 30, 12, 3, 'open', NULL),
(400, 'Bellagio ', '', '', 51.052235, 13.740036, '', '2025-08-02 13:57:39', 8, 11, 3, 1, 'open', NULL),
(401, 'el Cossett', '', '', 45.687744, 10.750071, '', '2025-08-03 12:09:31', 2, 97, 46, 3, 'open', NULL),
(402, 'Bar al porto', '', '', 45.608524, 10.685904, '', '2025-08-04 10:59:32', 2, 97, 46, 3, 'open', NULL),
(403, 'Alte Post Flöha', 'Bahnhofstraße 4, 09557 Flöha', 'https://maps.app.goo.gl/VaZU4pgereXnCA6L7', 50.856232, 13.076112, 'Mo-Fr: 8-18 Uhr\nSa: 10-12 Uhr', '2025-08-05 07:10:45', 1, 4, 3, 1, 'open', NULL),
(404, 'Eis Boutique', 'Prinzenallee 2 13357 Berlin', '', 52.552303, 13.382032, 'Mo-Sa: 11:00-20:00\nSo: 12:00-20:00', '2025-08-05 07:48:46', 48, 37, 18, 1, 'open', NULL),
(405, 'Imbiss34', 'Dorfplatz 34, 15913 Schwielochsee', '', 52.019855, 14.176783, '', '2025-08-05 14:23:32', 109, 39, 5, 1, 'open', NULL),
(406, 'Eispause', 'Großkoschen', '', 51.494823, 14.059555, '11-18 saisonbedingt', '2025-08-06 12:59:24', 81, 100, 5, 1, 'open', NULL),
(407, 'Gelateria Intrigo', 'Schwanengasse 3, 8810 Horgen', '', 47.259487, 8.598562, '', '2025-08-08 14:37:07', 40, 101, 16, 5, 'open', NULL),
(408, 'Bäckerei Voigt - Coffeebar Thüringer Weg', 'Thüringer Weg 2, 09126 Chemnitz ', 'https://voigt-baecker.de/', 50.813522, 12.931445, 'Mo-Fr 7-16 Uhr', '2025-08-09 16:36:19', 102, 6, 3, 1, 'open', NULL),
(409, 'Duo Sicilian Ice Cream', 'Kurfürstendamm 18, 10719 Berlin', '', 52.504124, 13.330924, 'Mo-So: 12:00-22:00', '2025-08-10 16:12:13', 48, 37, 18, 1, 'open', NULL),
(410, 'Café Madlenka na cesty', '', '', 50.686584, 13.855648, 'Mittwoch    12:00–18:00	\nDonnerstag  12:00–18:00	\nFreitag    10:00–18:00	\nSamstag    10:00–18:00	\nSonntag    10:00–18:00', '2025-08-11 09:32:21', 53, 19, 6, 2, 'open', NULL),
(411, 'Eismarie', 'Wallstraße 3, 04600 Altenburg', 'https://maps.app.goo.gl/HpjkeDRyGUcwMyJb6', 50.984070, 12.436058, 'Di-So: 11-18 Uhr', '2025-08-11 16:15:43', 1, 7, 1, 1, 'open', NULL),
(412, 'Lecker Softeis Borna', 'Markt 9, 04552 Borna', 'https://maps.app.goo.gl/AuydLZaUQevXEpuU6', 51.123672, 12.497001, 'Mo: 13 - 18 Uhr\nDi: 11:30 - 17 Uhr\nMi: 13 - 18 Uhr\nDo: 11:30 - 17 Uhr\nFr: 13 - 18 Uhr\nSa: 13:30 - 17 Uhr\nSo: 13:30 - 18 Uhr\nbei schlechtem Wetter geschlossen', '2025-08-12 07:11:03', 1, 9, 3, 1, 'open', NULL),
(413, 'Eis Café Rocco', 'Altmarkt 7, 09350 Lichtenstein/Sachsen', 'https://maps.app.goo.gl/qBTWGz8T9VG7zmBDA', 50.755657, 12.634377, '', '2025-08-12 08:07:37', 1, 5, 3, 1, 'seasonal_closed', NULL),
(414, 'Eis zur Sonne', 'Stollberger Str. 23A, 09385 Lugau/Erzgeb.', 'https://maps.app.goo.gl/U7pLGpnvpwdYLWwi9', 50.735928, 12.748753, 'Mi-So: 14-18 Uhr', '2025-08-12 08:09:07', 1, 3, 3, 1, 'open', NULL),
(415, 'Eisdiele im Zenner', 'Alt Treptow 17, 12435 Berlin', 'https://www.zenner.berlin/', 52.487946, 13.477398, 'Mo-Do: 12.00 - 19.00 Uhr\nFr: 12.00 - 20.00 Uhr\nSa: 11.00 - 20.00 Uhr\nSo: 11.00 - 19.00 Uhr', '2025-08-13 16:31:33', 3, 37, 18, 1, 'open', NULL),
(416, 'Eiscafé Bellini Sachsen-Allee', 'Thomas-Mann-Platz 1b, 09130 Chemnitz', '', 50.846508, 12.938017, 'Mo-Sa 10-19 Uhr', '2025-08-16 12:26:01', 96, 6, 3, 1, 'open', NULL),
(417, 'Gelato Eis', '', '', 51.868046, 13.968456, '', '2025-08-17 15:08:42', 31, 100, 5, 1, 'open', NULL),
(418, 'Schön hier', '', '', 51.857834, 14.038537, '', '2025-08-18 13:18:35', 31, 100, 5, 1, 'open', NULL),
(419, 'Eisfenster Glösa', 'Chemnitztalstraße 151, 09114 Chemnitz', 'https://www.instagram.com/eisfenstergloesa?igsh=ZWduanllNjBsY25u', 50.869476, 12.910759, 'Mo-Fr: 14-18 Uhr\nSa-So: 12-18 Uhr\nAb 31.08.25 in Winterpause', '2025-08-19 13:35:59', 1, 6, 3, 1, 'seasonal_closed', NULL),
(420, 'Pension+Gaststätte Alte Lache', 'Alte Lache 1, 99330 Geratal', 'http://www.alte-lache.de/', 50.741535, 10.806508, '', '2025-08-23 18:29:37', 2, 103, 1, 1, 'open', NULL),
(422, 'Kiosk am Waldbad', '', '', 50.702011, 12.715725, 'täglich 11.00 - 18.00 Uhr', '2025-08-26 15:53:56', 22, 3, 3, 1, 'open', NULL),
(423, 'Ice Cream United Chemnitz', 'Innere Klosterstraße 4, 09111 Chemnitz', 'https://www.icecreamunited.com/', 50.833447, 12.918319, 'täglich 11-19 Uhr', '2025-08-27 11:56:53', 53, 6, 3, 1, 'open', NULL),
(424, 'Chillbox Chania', 'Karaoli & Dimitriou 8 731 32 Chania Crete Greece', 'chillbox.gr/en', 35.516113, 24.018089, '', '2025-08-27 13:44:22', 74, 104, 58, 17, 'open', NULL),
(425, 'Softeis-Stand Heringsdorf', 'Dünenstraße, 17419 Heringsdorf', '', 53.943409, 14.187812, '', '2025-08-27 17:43:56', 62, 75, 21, 1, 'open', NULL),
(426, 'Eiscafé Venezia', 'Erbische Str. 9, 09599 Freiberg', 'https://veneziafreiberg.de/', 50.916046, 13.344702, 'täglich: 9-19 Uhr', '2025-08-28 14:28:20', 1, 4, 3, 1, 'open', NULL),
(427, 'Jannys Eis', 'Burgstraße 6, 09599 Freiberg', 'http://www.jannys-eis.com/', 50.917381, 13.343878, 'täglich: 11-18 Uhr', '2025-08-28 14:33:11', 1, 4, 3, 1, 'open', NULL),
(428, 'Eiscafé Rialto', 'Breite Str. 6, 04720 Döbeln', 'https://maps.app.goo.gl/yTggXRnKBgHrJ6Uh9', 51.120594, 13.119741, 'Mo-Sa: 10-19 Uhr\nSo: 11-19 Uhr', '2025-08-28 14:35:33', 1, 4, 3, 1, 'open', NULL),
(429, 'Jannys Eis', 'Augustusburger Str. 189, 09127 Chemnitz', 'http://www.jannys-eis.com/', 50.831818, 12.953403, 'Mo-Fr: 12-18 Uhr\nSa: 13-17 Uhr\nSo: 12-18 Uhr', '2025-08-29 07:34:46', 1, 6, 3, 1, 'open', NULL),
(430, 'illegally tasty', 'Rathausstraße 58, Heidelberg', 'https://www.illegallytasty.de', 49.378811, 8.691839, '', '2025-08-29 17:53:20', 125, 105, 17, 1, 'open', NULL),
(431, 'Murano Gelato', 'Malostranské nám. 24, 118 00 Malá Strana, Tschechien', 'https://maps.app.goo.gl/rfcyGSFqSue3AhSr6', 50.087685, 14.404700, 'Mo-So: 9:00-22:00 Uhr', '2025-08-29 19:33:50', 48, 106, 59, 2, 'open', NULL),
(432, 'Eiscafé Venezia', 'Markt 8, 06886 Lutherstadt Wittenberg', 'https://maps.app.goo.gl/NWm5DEK5V3U3J5LW6', 51.865925, 12.644400, 'Mo-Sa: 11-18 Uhr\nSo: 12-18 Uhr', '2025-08-30 10:42:09', 1, 107, 2, 1, 'open', NULL),
(433, 'Fresco! Il Gelato Italiano Chiado', 'Calçada do Combro 14, 1200-109 Lisboa, Portugal', '', 38.711002, -9.146206, '10 - 0 Uhr', '2025-08-30 10:53:48', 40, 92, 56, 36, 'open', NULL),
(434, 'Cafe29', 'Juliusza Słowackiego 29, 72-600 Świnoujście, Polen', 'https://maps.app.goo.gl/mBbkaqHwTH5fBwNS7', 53.919273, 14.246021, '', '2025-08-30 12:11:04', 62, 108, 60, 35, 'open', NULL),
(435, 'Eisdiele GelaTogo', 'Leipziger Str. 5, Bad Schmiedeberg, Sachsen-Anhalt, Deutschland', '', 51.684364, 12.732843, 'Täglich: 12-18 Uhr', '2025-08-30 12:39:37', 1, 107, 2, 1, 'open', NULL),
(436, 'UAO by MÚ', 'R. Dom Pedro V 145, 1250-094 Lisboa, Portugal', 'https://www.uaogelato.com/', 38.715656, -9.145902, 'So-Mi: 13-19 & 20-23 Uhr\nDo-Sa: 11-0 Uhr\n', '2025-08-30 15:18:16', 40, 92, 56, 36, 'open', NULL),
(437, 'Nannarella', 'R. Nova da Piedade 64A, 1200-299 Lisboa, Portugal', '', 38.714161, -9.153173, '12-22 Uhr', '2025-08-30 15:40:08', 40, 92, 56, 36, 'open', NULL),
(439, 'Eiscafé \"Zum kleinen Pony\"', 'Beckwitzer Str. 26, 04889 Belgern-Schildau', 'https://maps.app.goo.gl/N3nYyEDBLcHpQSbV6', 51.475826, 13.007709, 'Mo-Fr: 14-18 Uhr\nSa: 13-18 Uhr\nSo: 12-18 Uhr', '2025-08-31 18:37:28', 53, 109, 3, 1, 'open', NULL),
(440, 'Eisdiele Wermsdorf', '', '', 51.281322, 12.937725, '', '2025-08-31 18:51:46', 53, 109, 3, 1, 'open', NULL),
(441, 'Eisdiele Adriana', 'Marktplatz 18, Bischofsheim in der Rhön', 'https://maps.app.goo.gl/YvWXxAoTQqVvxSxb8', 50.401630, 10.007059, 'täglich: 11-18 Uhr\nMi: geschlossen\n', '2025-09-01 19:16:02', 118, 110, 7, 1, 'open', NULL),
(442, 'Bäckerei Förster (Simmel Grüna)', 'Chemnitzer Straße 93, 09224 Chemnitz Grüna ', 'https://www.foerster-backwaren.de/', 50.810436, 12.786911, 'Mo-Fr: 7-20 Uhr\nSa: 7-19 Uhr', '2025-09-01 19:20:40', 2, 6, 3, 1, 'open', NULL),
(445, 'Rosani - Laboratorio del Gelato Artigianale', 'Corso Italia, 56/A, 34170 Gorizia GO, Italien', 'https://instagram.com/rosani_laboratoriodelgelato?igshid=YmMyMTA2M2Y=', 45.941589, 13.618301, 'Mo-Fr: 13-21 Uhr\nSa: 10-22:30 Uhr\nSo: 10-22 Uhr', '2025-09-02 12:56:06', 1, 33, 14, 3, 'open', NULL),
(446, 'Schmelzpunkt Campbell', 'Adelheid-Straße 3, 69126 Heidelberg', 'https://www.schmelzpunkt-heidelberg.de/campbell-schmelzpunkt/', 49.385109, 8.683661, 'täglich: 12-21 Uhr', '2025-09-02 17:40:00', 125, 105, 17, 1, 'open', NULL),
(447, 'Gelateria La Romana 1947', 'R. de São Nicolau 44, 1100-549 Lisboa, Portugal', 'https://www.gelateriaromana.com/82-gelateria-lisboa.php', 38.710453, -9.137018, 'Mo-Do: 12-23 Uhr\nFr-Sa: 12-0 Uhr\nSo: 12-23 Uhr', '2025-09-02 21:46:26', 40, 92, 56, 36, 'open', NULL),
(448, 'Eisdiele Simonetti', 'Schulgasse 14, 74523 Schwäbisch Hall', '', 49.112549, 9.735033, '', '2025-09-03 13:34:08', 118, 111, 17, 1, 'open', NULL),
(449, 'Eiscafé Rialto', 'Haller Str. 2A, 74541 Vellberg', '', 49.086639, 9.881130, '', '2025-09-03 13:35:13', 118, 111, 17, 1, 'open', NULL),
(450, 'Eiscafé Cremoso', 'Rathausplatz 7, 74423 Obersontheim', '', 49.057220, 9.897831, '', '2025-09-03 13:36:37', 118, 111, 17, 1, 'open', NULL),
(451, 'Klaus & Sohn', 'Hauptstraße 85, 74638 Waldenburg', 'https://hohenloher-landeis.de/', 49.186172, 9.641777, '', '2025-09-03 13:38:01', 118, 113, 17, 1, 'open', NULL),
(452, 'Biebereis', 'Windischenstraße 25, 99423 Weimar', 'https://biebereis.de/', 50.979595, 11.327608, '12-18 Uhr', '2025-09-03 13:40:30', 30, 114, 1, 1, 'open', NULL),
(453, 'Wanner Eis GbR', 'Hag 2, 74424 Bühlertann', 'https://www.wanner-eis.de/startseite', 49.042770, 9.896603, 'Eis-Automat ganzjährig 24/7 geöffnet mit Bänken im Schatten oder sonnig mit Spielplatz. \n\nGrößen: 110ml, 0,5l und 1l ', '2025-09-03 13:47:11', 118, 111, 17, 1, 'open', NULL),
(454, 'La Girandola', 'Corso Italia, 76, 34170 Gorizia GO, Italien', 'http://www.lagirandola.com/', 45.941147, 13.617352, 'Mo-Do: 9:15 - 0 Uhr\nFr-Sa: 9:15 - 0:30 Uhr\nSo: 9:15 - 0 Uhr', '2025-09-05 04:47:47', 1, 33, 14, 3, 'open', NULL),
(455, 'Glida', 'Corso Italia, 130, 34170 Gorizia GO, Italien', 'https://www.facebook.com/glidagelatonaturale/', 45.939510, 13.613935, 'Di-So: 14 - 22 Uhr', '2025-09-05 04:48:40', 1, 33, 14, 3, 'open', NULL),
(456, 'Gelateria Artic', '', '', 39.537823, 2.454380, '', '2025-09-05 15:25:51', 49, 115, 61, 44, 'open', NULL),
(457, 'ICE Eis Daddy', 'Carrer de Palmira, 1, Loc 3, 07160 Peguera, Illes Balears, Spanien', 'https://maps.app.goo.gl/jbXCFaDQcMeTyqKW7', 39.537807, 2.451131, '', '2025-09-05 15:49:04', 49, 115, 61, 44, 'open', NULL),
(458, 'Schaubäckerei Ullrich', 'Schandauerstr. 79, 01277 Dresden', 'https://maps.app.goo.gl/RCAjq34UammWkEpc6', 51.038872, 13.807577, 'Mo-Fr: 6:30 - 18 Uhr\nSa: 6:30 - 11:30 Uhr\nSo: 7:30 - 10:30 Uhr', '2025-09-05 18:41:16', 109, 11, 3, 1, 'open', NULL),
(459, 'Eiscafé Bella Vita', 'Lange Str. 2, 21614 Buxtehude', '', 53.477448, 9.701933, 'Mi-Mo: 10 - 19 Uhr \nDi: Ruhetag', '2025-09-06 06:04:18', 4, 116, 22, 1, 'open', NULL),
(460, 'Angelato', '24, Újezd 425, Malá Strana, 118 00 Praha, Tschechien', 'http://www.angelato.cz/', 50.082150, 14.404630, 'Mo-So: 11:00-22:00', '2025-09-06 09:54:35', 48, 106, 59, 2, 'open', NULL),
(461, 'Moin Eiscafé ', 'Venusberg 6, 20459 Hamburg', '', 53.547081, 9.977718, 'Di- So 12 bis 19 Uhr ', '2025-09-06 12:23:50', 4, 117, 19, 1, 'open', NULL),
(462, 'Eismanufaktur zeitgEISt', 'Meerfeldstr. 45, 68163 Mannheim', 'https://eis.jetzt/', 49.473858, 8.469182, '', '2025-09-06 12:38:05', 125, 118, 17, 1, 'open', NULL),
(463, 'Helados antiuXixona', '', '', 39.538998, 2.452933, '', '2025-09-06 18:04:24', 49, 115, 61, 44, 'open', NULL),
(464, 'Don-Ingos', '', '', 39.537205, 2.445872, '', '2025-09-06 18:44:43', 49, 115, 61, 44, 'open', NULL),
(465, 'Seeetparadies', '', '', 39.537575, 2.445080, '', '2025-09-06 18:49:41', 49, 115, 61, 44, 'open', NULL),
(466, 'Amorino', '', '', 51.482182, -0.608312, '', '2025-09-07 11:25:32', 8, 119, 62, 48, 'open', NULL),
(467, 'Softeis & Kaffee', '', '', 50.646599, 12.915563, '', '2025-09-07 13:45:15', 118, 3, 3, 1, 'open', NULL),
(468, 'il gelato by LUIS', 'Am Rathauspl. 1, 9800 Spittal an der Drau, Österreich', 'https://maps.app.goo.gl/zgHrdJSLzvEA6XYLA', 46.798340, 13.497428, 'Täglich: 8-20 Uhr', '2025-09-08 13:10:43', 1, 120, 63, 34, 'open', NULL),
(469, 'Eis Dolomiti', 'Rathausstraße 60, 69126 Heidelberg', '', 49.378716, 8.691930, '', '2025-09-08 17:16:26', 125, 105, 17, 1, 'open', NULL),
(470, 'Cafe & Konditorei Nussbaumer', 'Hauptpl. 23, 9853 Gmünd in Kärnten, Österreich', 'https://www.cafe-nussbaumer.at/', 46.907280, 13.535729, 'Mo-Di: 7:30 - 22:30 Uhr\nMi: Ruhetag\nDo: 7:30 - 22:30 Uhr\nFr-Sa: 7:30 - 0 Uhr\nSo: 9 - 18 Uhr', '2025-09-09 05:51:00', 1, 120, 63, 34, 'open', NULL),
(472, 'Fablas ice cream', '', '', 51.575684, -3.217398, '', '2025-09-09 14:45:00', 8, 122, 65, 48, 'open', NULL),
(473, 'Dolce Freddo', '', '', 47.639851, 13.617511, '', '2025-09-09 20:31:07', 53, 121, 64, 34, 'open', NULL),
(474, 'Backhaus Hinterwirth Lenzing', 'Atterseestraße 57, 4860 Lenzing, Österreich', 'https://www.backhaus-hinterwirth.at/', 47.975044, 13.610216, 'Mo-Fr: 5-14 Uhr\nSa: 5-11\nSo: 6:30-11 Uhr', '2025-09-10 07:11:45', 1, 123, 64, 34, 'open', NULL),
(475, 'Eiscafé La Veneziana', 'Theresienstraße 4, 94032 Passau', 'https://maps.app.goo.gl/5K5CDMwUQb4FGjg37', 48.574131, 13.459673, 'Täglich 10-22 Uhr', '2025-09-10 13:06:18', 1, 124, 7, 1, 'open', NULL),
(476, 'Eiscafé PUROGELATO', 'Große Klingergasse 5, 94032 Passau', 'https://maps.app.goo.gl/9tHNkxggjLz9BA2B6', 48.574673, 13.458773, 'Täglich 11-21:30 Uhr ', '2025-09-10 13:07:16', 1, 124, 7, 1, 'open', NULL),
(477, 'Patisserie Cafe Milk Cukrárna kavárna Mléčná', 'nám. Míru 65, 339 01 Klatovy 1, Tschechien', '', 49.394669, 13.293623, '', '2025-09-11 12:06:35', 1, 125, 66, 2, 'open', NULL),
(478, 'The Causeway ', '', '', 51.569160, -4.288078, '', '2025-09-11 15:39:53', 8, 126, 65, 48, 'open', NULL),
(479, 'Cukrárna', 'Mírové nám. 88/11, 418 01 Bílina 1, Tschechien', 'https://maps.app.goo.gl/hPYYh6wJg5imqogg6', 50.548332, 13.775252, 'Mo-Sa: 9-17:30 Uhr\nSo: 10-17:30 Uhr', '2025-09-12 12:19:58', 1, 19, 6, 2, 'open', NULL),
(480, 'Surfside Cafe Langland Bay ', '', '', 51.568321, -4.009715, '', '2025-09-12 13:32:00', 8, 126, 65, 48, 'open', NULL),
(481, 'Bistro Park', 'Ulice Masarykova 2000, 400 01 Ústí nad Labem-město, Tschechien', '', 50.667519, 14.028226, 'Mo-Fr: 8-19 Uhr\nSa-So: 10-19 Uhr', '2025-09-12 16:01:45', 1, 19, 6, 2, 'open', NULL),
(482, 'Kaffeehaus Voigt', 'Erfenschlager Str. 70, 09125 Chemnitz', 'http://www.voigt-baecker.de/', 50.787697, 12.950546, 'Mo-Mi: 6-11 Uhr\nDo-Fr: 6-18 Uhr\nSa: 6-10 & 13-18 Uhr\nSo: 13-17 Uhr', '2025-09-16 08:56:52', 1, 6, 3, 1, 'open', NULL),
(483, 'Caffé Creme Sole Mio ', 'Hinter dem Zwinger 13, 21614 Buxtehude', 'https://caffecreme-solemio.de', 53.477524, 9.698455, 'täglich: 10:00 - 21:00 Uhr', '2025-09-16 18:08:38', 137, 116, 22, 1, 'open', NULL),
(484, 'Eiscafe Venezia', 'Marktstr. 3, 29640 Schneverdingen', '', 53.119572, 9.783627, 'Täglich: 10:00 - 20:30 Uhr', '2025-09-16 18:28:08', 137, 127, 22, 1, 'open', NULL),
(485, 'Eiscafé Dante', 'Wilhelmstraße 2, 21698 Harsefeld', 'www.eiscafedante-horneburg.de', 53.452347, 9.502514, 'Täglich 09:00Uhr - 22:00Uhr', '2025-09-17 16:25:44', 137, 116, 22, 1, 'open', NULL),
(486, 'Café Zwergenland-Eula', 'Hauptstraße 95, 01683 Nossen', 'https://maps.app.goo.gl/3ErxdHzGcZPXxK9j6', 51.054859, 13.341396, 'Di-So: 11-18 Uhr', '2025-09-21 08:47:27', 1, 10, 3, 1, 'open', NULL),
(487, 'Eiscafe Royal', 'Walther-Rathenau-Straße 10 a, 06386 Osternienburger Land', 'https://maps.app.goo.gl/CCW7rPyPt75UMwpq9', 51.794193, 12.029498, 'Mi-So: 12-18 Uhr', '2025-09-21 09:27:19', 34, 128, 2, 1, 'open', NULL),
(488, 'Eiscafé Piccolo', 'Burgstraße 12, 09599 Freiberg', 'https://eiscafe-piccolo.eatbu.com/?lang=de', 50.917774, 13.343422, 'Täglich: 10-19 Uhr', '2025-09-21 09:54:34', 1, 4, 3, 1, 'open', NULL),
(489, 'Speisekammer', 'Prinzenallee 39 13359 Berlin', '', 52.558746, 13.386992, 'Mo-So 14:00-20:00\nÖffnungszeiten können im Winter abweichen', '2025-09-23 15:28:05', 48, 37, 18, 1, 'open', NULL),
(490, 'Raststätte Marschner\'s (Chemnitztal)', 'Untere Hauptstr 223, 09244 Chemnitz ', '', 50.893578, 12.892231, 'evtl. am Wochenende ', '2025-09-28 14:51:25', 96, 6, 3, 1, 'permanent_closed', NULL),
(491, 'Landbäckerei Dietrich – Café Mittweida', 'Markt 5, 09648 Mittweida', 'https://maps.app.goo.gl/SJbo46NmQ5M3qLgFA?g_st=ac', 50.985863, 12.980847, 'Di-Sa: 7-18 Uhr\nSo: 7-9 & 13-18 Uhr', '2025-09-30 18:39:04', 1, 4, 3, 1, 'open', NULL),
(492, 'Hotel Schweizerhaus', 'Weinkellerstraße 38, 09337 Hohenstein-Ernstthal', 'https://maps.app.goo.gl/LormNwNNtWYVZhyZ9', 50.799030, 12.709296, '', '2025-10-03 11:52:35', 1, 5, 3, 1, 'open', NULL),
(493, 'Lemongrass Ice Cream ', 'Via Ottaviano, 29, 00192 Roma RM, Italien', 'http://www.lemongrass.it/', 41.907059, 12.457698, 'Mo-Do: 7-23 Uhr\nFr-Sa: 7-0 Uhr\nSo: 7:23 Uhr', '2025-10-03 16:08:44', 139, 129, 67, 3, 'open', NULL),
(494, 'Mini Café', 'Badstraße 6, 08645 Bad Elster', 'https://www.minicafe-badelster.de/', 50.283314, 12.239215, 'Mi-So: 12-18 Uhr', '2025-10-04 02:19:43', 1, 12, 3, 1, 'open', NULL),
(495, 'Eis Diele Pfote71', 'Pfotenhauerstraße 71, 01307 Dresden', 'https://maps.app.goo.gl/NpfkTamQm51MaqtJ6', 51.058079, 13.773488, 'Täglich 12-18 Uhr', '2025-10-04 02:29:56', 1, 11, 3, 1, 'open', NULL),
(496, 'Café Trend', 'Ringstraße 17A, 09247 Chemnitz', 'https://maps.app.goo.gl/EpiEZwLgpw5PMB2ZA', 50.864433, 12.866677, 'Mo-Sa: 9-20 Uhr', '2025-10-04 13:55:48', 8, 6, 3, 1, 'open', NULL),
(497, 'Gelato Sicily', 'Via Luciano Manara, 64, 00153 Roma RM, Italien', 'https://www.gelatosicily.it/gelato-sicily-silvi-marina', 41.887966, 12.471193, 'Mo-Do: 11-1 Uhr\nFr: 10-1 Uhr\nSa&So: 11-1:30 Uhr', '2025-10-04 16:47:19', 139, 129, 67, 3, 'open', NULL),
(498, 'Flor Gelato', 'Via Cavour, 337, 00184 Roma RM, Italien', 'https://maps.app.goo.gl/RtbAP7HFMms6ej6z7', 41.893578, 12.488523, 'Täglich: 10-0 Uhr', '2025-10-04 16:50:29', 139, 129, 67, 3, 'open', NULL),
(499, 'Eiscafé Da Angelo', 'August-Bebel-Straße 17, 04600 Altenburg', 'https://maps.app.goo.gl/EQqPfyJmGNj5jULh7', 50.979626, 12.431883, 'Di-So: 10-18 Uhr', '2025-10-05 08:38:13', 1, 7, 1, 1, 'open', NULL),
(500, 'Eis & Café Am Weibermarkt', 'Weibermarkt 17, 04600 Altenburg', '', 50.985405, 12.432514, 'Täglich 9-18 Uhr', '2025-10-05 10:54:54', 1, 7, 1, 1, 'open', NULL),
(501, 'Eiscafé Venezia', 'Weibermarkt 1, 04600 Altenburg', '', 50.985455, 12.432852, 'Di-Sa: 10-18 Uhr\nSo: 11-18 Uhr', '2025-10-05 10:56:17', 1, 7, 1, 1, 'open', NULL),
(502, 'Giolitti', 'Via degli Uffici del Vicario, 40, 00186 Roma RM, Italien', '', 41.901058, 12.477248, '', '2025-10-05 12:38:50', 139, 129, 67, 3, 'open', NULL),
(503, 'Venchi', 'Via dell\'Aeroporto di Fiumicino, 320, 00054 Fiumicino RM, Italien', 'https://it.venchi.com/', 41.773693, 12.255153, 'täglich: 4-22:30 Uhr', '2025-10-06 09:02:00', 139, 129, 67, 3, 'open', NULL),
(505, 'Gelateria Giuliana', 'Via Fegina, 86, 19016 Monterosso al Mare SP, Italien', 'https://maps.app.goo.gl/QgHpAixcBEzZh2GDA', 44.145370, 9.647392, 'Mo-Sa: 10:30 - 21:30 Uhr\nSo: 10:30 - 21 Uhr', '2025-10-06 12:08:37', 19, 130, 68, 3, 'open', NULL),
(506, 'Gelateria del Teatro ', 'Via dei Coronari 65/66, Roma, ITALIA ', '', 41.900463, 12.469558, 'Täglich: 10:30-22:30 Uhr', '2025-10-07 16:21:35', 19, 129, 67, 3, 'open', NULL),
(507, 'Strandcafé Lys', 'Kurpromenade 4, 23743 Grömitz', '', 54.149506, 10.977242, 'Mo-So: 12-18:00\nSa: 11-18:00 ', '2025-10-07 18:18:26', 142, 131, 30, 1, 'open', NULL),
(508, 'Eiscafé Fantasia del Gelato', 'Stern-Center 1-10, 14480 Potsdam', '', 52.371170, 13.136071, 'Mo-Sa: 9-20 Uhr', '2025-10-08 08:52:37', 119, 52, 5, 1, 'open', NULL),
(509, 'Le Bistrot Du Passe Temps', '37 Rue Cardinal Fesch, Ajaccio, Korsika, France', '', 41.922070, 8.738294, 'Mo-Sa: 9-22 Uhr', '2025-10-08 14:08:00', 19, 132, 69, 4, 'open', NULL),
(510, 'Dolce Freddo Eismanufaktur', 'Willy-Brandt-Platz 7, 04109 Leipzig', '', 51.344269, 12.381967, 'Täglich: 10-20 Uhr', '2025-10-08 16:01:54', 1, 54, 3, 1, 'open', NULL),
(512, 'IJssalon Madaq', 'Muntstraat 46, 6211 EK Maastricht, Niederlande', '', 50.850033, 5.692294, '', '2025-10-09 13:27:55', 53, 85, 50, 31, 'open', NULL),
(513, 'IJssalon Madaq', 'Muntstraat 46, 6211 EK Maastricht, Niederlande', '', 50.850033, 5.692294, '', '2025-10-09 13:27:55', 53, 85, 50, 31, 'open', NULL),
(514, 'Pinky', 'Vrijthof 1, 6211 ET Maastricht', '', 50.849667, 5.689297, '', '2025-10-09 13:51:15', 53, 85, 50, 31, 'open', NULL),
(515, 'Di Georgio', '1 Brandon Terrace, Edinburgh EH3 5EA, Vereinigtes Königreich', '', 55.962402, -3.199636, 'Täglich 09.30 bis 16.00 Uhr', '2025-10-10 14:59:26', 4, 133, 39, 48, 'open', NULL),
(516, 'ICE-CREAM PALACIO DO CONE', 'R. do Paraíso 4 8400, Carvoeiro, Portugal', '', 37.097084, -8.471362, 'Mo-So 11.30-00.00', '2025-10-10 15:33:52', 22, 134, 70, 36, 'open', NULL),
(517, 'Gelados & Companhia', 'R. do Barranco 5, 8400-508 Carvoeiro, Portugal', '', 37.097610, -8.470975, 'Mi-Mo: 11:30-22 Uhr', '2025-10-10 15:42:38', 1, 134, 70, 36, 'open', NULL),
(518, 'La Piazza', 'Carvoeiro, Portugal', '', 37.097031, -8.470884, '', '2025-10-10 15:44:13', 1, 134, 70, 36, 'open', NULL),
(519, 'Castelo dos sabores', 'R. 25 de Abril, 8300-127 Silves, Portugal', '', 37.188179, -8.441126, 'Mo-Di: 11-19 Uhr\nDo-Sa: 11-19 Uhr\nSo: 10-19 Uhr', '2025-10-10 16:50:11', 1, 134, 70, 36, 'open', NULL),
(520, 'Nº 97 (Visser Chocolade Creamery)', 'Tussen de Bruggen 97, 6231 CD Meerssen', 'https://www.creamery-group.com/', 50.878506, 5.744148, 'Mi-So\n10-17.30', '2025-10-10 18:23:01', 53, 135, 50, 31, 'open', NULL),
(521, 'Lunchroom & Patisserie De Bongerd', 'Walramplein 28, 6301 DD Valkenburg', '', 50.863758, 5.833809, 'Täglich 9-18', '2025-10-10 18:57:11', 53, 136, 50, 31, 'open', NULL),
(522, 'IJssalon De Munt', 'Muntstraat 3, 6301 BW Valkenburg', '', 50.862846, 5.831033, '10-17.30', '2025-10-10 19:04:39', 53, 136, 50, 31, 'open', NULL),
(523, 'SANDOSKAS sandwiches burger & co', 'R. do Barranco 6, Carvoeiro, Portugal', '', 37.097534, -8.470802, 'Täglich 9-0 Uhr', '2025-10-10 20:35:25', 1, 134, 70, 36, 'open', NULL),
(524, 'Gelataria Di Vera', 'R. Afonso de Albuquerque 44, 8400-249 Ferragudo, Portugal', '', 37.125271, -8.518690, 'Mo-Mi: 14:30-20 Uhr\nFr: 14:30-20 Uhr\nSa: 14:30-18 Uhr\nSo: 14:30-20 Uhr', '2025-10-11 07:12:53', 1, 134, 70, 36, 'open', NULL),
(525, 'Alice Gelateria | art & heart', 'R. de São Vicente, 8650-370 Sagres, Portugal', '', 37.007252, -8.942816, 'Di-Fr: 10-21 Uhr\nSa-So: 9-21 Uhr', '2025-10-11 13:00:34', 1, 134, 70, 36, 'open', NULL),
(526, 'Brizze Ice Cream', 'R. do Posto, 8650-118 Burgau, Portugal', '', 37.072250, -8.774922, 'Täglich 11-21 Uhr', '2025-10-11 16:58:08', 1, 134, 70, 36, 'open', NULL),
(527, 'Driessen Natural Farming', 'Nieuwenhuysstraat 30, 6336 XW Hulsberg', '', 50.902618, 5.850644, '', '2025-10-11 18:56:07', 53, 137, 50, 31, 'open', NULL),
(528, 'Caffi‘r Palas ', '', '', 53.139755, -4.275853, '', '2025-10-12 13:45:52', 8, 138, 65, 48, 'open', NULL),
(529, 'A Galeria', '8400, Estr. do Farol 14, Carvoeiro, Portugal', '', 37.096745, -8.469065, 'Mo & Mi-So: 18-0 Uhr', '2025-10-12 20:50:10', 1, 134, 70, 36, 'open', NULL),
(530, 'GeIícia - Gelato Italiano', 'Largo Marquês de Pombal 20, 8600-753 Lagos, Portugal', '', 37.102207, -8.673081, 'Mo & Mi-So: 10-22:30 Uhr', '2025-10-13 03:06:05', 1, 134, 70, 36, 'open', NULL),
(531, 'Crema di Gelato Lagos', 'R. Marreiros Netto 17, 8600-754 Lagos, Portugal', '', 37.101841, -8.673030, 'Täglich 12-23:30 Uhr', '2025-10-13 03:16:32', 1, 134, 70, 36, 'open', NULL),
(532, 'Campimar', 'Praia de, Porto de Mós, 8600-282 Lagos, Portugal', '', 37.085724, -8.687385, 'Täglich 10-23 Uhr', '2025-10-13 17:14:47', 1, 134, 70, 36, 'open', NULL),
(533, 'Eiscafé Antifora', 'Kalkumer Str. 150, 40468 Düsseldorf', '', 51.272625, 6.774182, 'Täglich 10-20Uhr', '2025-10-13 20:11:35', 53, 139, 23, 1, 'open', NULL),
(534, 'Eiscafé Claudio', 'Rödiger Str. 82, 42283 Wuppertal', '', 51.273727, 7.187229, 'Täglich 10-18', '2025-10-13 20:24:07', 53, 140, 23, 1, 'open', NULL),
(535, 'Brasserie-IJssalon Hild\'lce', 'Boys 7, 3770 Riemst, Belgien', 'https://maps.app.goo.gl/pDaCeEf8mBC6M5KE9', 50.816498, 5.668421, 'Di, Do-Fr: 11:30 - 21 Uhr\r\nSa: 11 - 20 Uhr\r\nSo: 11 - 21 Uhr\r\nMo, Mi: geschlossen', '2025-10-13 21:50:41', 53, 143, 90, 10, 'open', NULL),
(536, 'Eiscafé MIO', 'Biegenstraße 2, 37235 Hessisch Lichtenau', 'https://www.helmekesbistrocafe.de/speisekarte', 51.198498, 9.726074, 'Täglich: 8:30 - 20:00 Uhr', '2025-10-14 18:55:49', 53, 141, 15, 1, 'open', NULL),
(537, 'Jannys Eis', 'Karl-Marx-Allee 26, 07747 Jena', 'http://www.jannys-eis.com/', 50.885231, 11.609643, 'Mo-Fr: 11 - 18 Uhr\r\nSa: 12 - 18 Uhr\r\nSo: 12:30 - 18 Uhr', '2025-10-14 19:04:27', 53, 142, 1, 1, 'open', NULL),
(538, 'Parlwr Hufen IÂ', 'Beddgelert, Caernarfon LL55 4YB, Vereinigtes Königreich', 'https://maps.app.goo.gl/yEzHQVaVhdDJSsDX7', 53.011551, -4.103471, 'Täglich: 10 - 18:30 Uhr', '2025-10-15 12:40:56', 8, 138, 65, 48, 'open', NULL),
(539, 'Nakis Cafe ', 'Balat, Yildirim Cd. no 42', '', 41.030830, 28.949633, 'Täglich 8:30 - 0 Uhr', '2025-10-16 15:26:07', 99, 144, 91, 53, 'open', NULL),
(540, 'il Baretto Rome', 'Via della Conciliazione, 6/8, 00193 Roma RM, Italien', '', 41.902294, 12.461033, 'Mo-So 8.30-19.30', '2025-10-17 16:10:15', 3, 129, 67, 3, 'open', NULL),
(541, 'Tomaselli Gelateria', 'Archenemy 50', '', 47.267490, 11.445587, '', '2025-10-18 17:34:13', 26, 145, 33, 34, 'open', NULL),
(542, 'vadirito', 'Kirchgasse 80, Wiesbaden ', 'https://www.vadirito.de/', 50.082615, 8.238672, '', '2025-10-19 15:32:56', 125, 94, 15, 1, 'open', NULL),
(543, 'Eiscafé Iris ', 'Hauptstraße 15, 95692 Konnersreuth ', '', 50.011723, 12.225388, '', '2025-10-19 17:44:39', 144, 23, 7, 1, 'open', NULL),
(544, 'Eiscafé Alice', 'Dresdener Str. 5, 01945 Ruhland', '', 51.458130, 13.865374, '', '2025-10-19 20:07:45', 53, 100, 5, 1, 'open', NULL),
(545, 'Café Waldschlösschen', 'Stollberger Str. 9, 09353 Oberlungwitz', 'https://maps.app.goo.gl/nheqAhb99FGSiknp7', 50.768665, 12.711055, 'Mi-So: 14-18 Uhr', '2025-10-22 16:03:17', 8, 5, 3, 1, 'open', NULL),
(546, 'Cafe Zuckerbude', 'Hohnstädter-Straße 17, 04668 Grimma', 'https://www.instagram.com/zuckerbude_grimma?igsh=ZzYyOWsybGRpeW56', 51.237976, 12.729539, 'Mo, Mi-So: 13-18 Uhr', '2025-10-23 20:08:26', 53, 9, 3, 1, 'open', NULL),
(547, 'Rathener Felsenblick', 'Elbweg 1, 01824 Rathen', '', 50.956627, 14.076224, 'Mi & Do: 13 - 20 Uhr\nFr & Sa: 13 - 21 Uhr\nSo: 12 - 20 Uhr', '2025-10-25 08:17:30', 1, 17, 3, 1, 'open', NULL),
(548, 'Eiscafé Basteiblick', 'Fährweg 1, 01824 Rathen', '', 50.956604, 14.078578, 'Täglich 11 - 18 Uhr', '2025-10-25 08:19:31', 1, 17, 3, 1, 'open', NULL),
(549, 'Bäckerei & Eiscafé Hübner', 'Wehlener Weg 3, 01824 Rathen', 'https://www.baeckerei-huebner.de/', 50.958427, 14.080106, 'Mo, Fr, So: 10 - 17 Uhr\nDi-Do, Sa: 7:30 - 17 Uhr', '2025-10-25 08:22:02', 1, 17, 3, 1, 'open', NULL),
(550, 'Pension und Gaststätte Polenztal', 'Polenztal 2, 01848 Hohnstein', '', 50.979801, 14.103402, '', '2025-10-25 11:54:08', 1, 17, 3, 1, 'open', NULL),
(551, 'Café Konditorei Schreiber', 'Breite Str. 1, 01796 Pirna', 'http://www.schreiber-pirna.de/', 50.958107, 13.939317, 'Di-So: 7:30 - 17 Uhr', '2025-10-26 08:38:45', 1, 17, 3, 1, 'open', NULL),
(552, 'Holler-Hof Ziegenprodukte', 'Dorfstraße 41, 04626 Jonaswalde', 'https://www.holler-hof.de/', 50.840187, 12.290506, '', '2025-10-26 19:43:51', 53, 7, 1, 1, 'open', NULL),
(553, 'Gelateria Vaniglia e Pistacchio', 'Via Napoli, 30, 09124 Cagliari CA, Italien', 'https://m.facebook.com/GELATERIAVANIGLIAEPISTACCHIO/?locale2=it_IT', 39.214733, 9.112818, 'täglich: 12 - 0 Uhr', '2025-10-27 13:05:09', 31, 146, 92, 3, 'open', NULL),
(554, 'Lucciano\'s Roma', 'Via delle Muratte, 76, 00187 Roma RM, Italien', 'http://www.luccianos.net/it', 41.900421, 12.481863, 'Mo - Do: 10:30 - 0 Uhr\nFr & Sa: 10:30 - 1 Uhr\nSo: 10:30 - 0 Uhr', '2025-10-28 10:53:49', 52, 129, 67, 3, 'open', NULL),
(555, 'Gelatti Capri', 'Av. Almirante Riera Alemany, 4, 07157 Port d\'Andratx, Illes Balears, Spanien', 'https://maps.app.goo.gl/SDKZ8HG4ARzWHaJa6?g_st=ic', 39.544228, 2.387847, '10:30-0:00uhr', '2025-10-30 13:48:39', 133, 115, 61, 44, 'open', NULL),
(556, 'Glacier Vanille Noire', '15 Rue Caisserie, 13002 Marseille, Frankreich', 'http://www.vanillenoire.com/', 43.296707, 5.368425, 'täglich: 11:30 - 19 Uhr', '2025-10-30 13:48:45', 31, 147, 93, 4, 'open', NULL),
(557, 'Le Glacier du Roi', '4 Pl. de Lenche, 13002 Marseille, Frankreich', 'https://www.leglacierduroi.com/', 43.297417, 5.365984, 'Mo-Di: 12 - 18 Uhr\nMi: geschlossen\nDo-Fr: 12 - 18 Uhr\nSa-So: 11:30 - 18:30 Uhr', '2025-10-30 14:07:42', 31, 147, 93, 4, 'open', NULL),
(558, 'Glacier du panier', '27 Rue de l\'Évêché, 13002 Marseille, Frankreich', 'https://maps.app.goo.gl/72TzRH77HLrSPA6s8', 43.297848, 5.365818, 'Mo-Do: 11 - 17:30 Uhr\nFr: 12 - 17:30 Uhr\nSa: 11 - 19 Uhr\nSo: 11 - 18:30 Uhr', '2025-10-30 14:09:41', 31, 147, 93, 4, 'open', NULL),
(559, 'Murmui', 'Carrer Marquès de Vivot, 3, 07170 Valldemossa, Illes Balears, Spanien', 'https://www.murmui.com/', 39.710087, 2.621382, '', '2025-11-01 10:14:36', 31, 115, 61, 44, 'open', NULL),
(560, 'Cremeria Mussa', 'Carrer de Jovellanos, 6e, 07170 Valldemossa, Illes Balears, Spanien', '', 39.709499, 2.622884, '', '2025-11-01 10:20:30', 31, 115, 61, 44, 'open', NULL),
(561, 'Hainich\'s Hofladen', 'An d. Leuba 118, 09322 Penig', 'https://www.hainichs-hofladen.de/', 50.970188, 12.678952, '24/7 geöffnet ', '2025-11-01 12:11:00', 1, 4, 3, 1, 'open', NULL),
(562, 'Murmui', 'Carrer de la Marina, 32, 07108 Port de Sóller, Illes Balears, Spanien', 'http://murmui.com/', 39.797920, 2.695245, '', '2025-11-01 14:09:52', 31, 115, 61, 44, 'open', NULL),
(563, 'Luccianos', 'Pl. de l\'Ajuntament, 2, Ciutat Vella, 46002 València, Valencia, Spanien', 'http://www.luccianos.net/', 39.470486, -0.377001, 'Mo-Do: 11-0 Uhr Fr-Sa: 11-1 Uhr So: 11-0 Uhr', '2025-11-02 11:39:52', 31, 148, 94, 44, 'open', NULL),
(564, 'Die Schokoladenbar Chemnitz', 'Str. der Nationen 12, 09111 Chemnitz', 'https://www.dieschokoladenbar.de/', 50.834660, 12.923667, 'Mo-Sa: 11-20 Uhr\nSo: 13-20 Uhr', '2025-11-03 10:46:07', 1, 6, 3, 1, 'open', NULL),
(565, 'nouri.', 'Barbarossastraße 69, 09112 Chemnitz', '', 50.835323, 12.900629, 'Mo: 10-17 Uhr\nMi-Fr: 10-17 Uhr\nSa, So: 14-17 Uhr', '2025-11-03 11:09:45', 1, 6, 3, 1, 'open', NULL);

--
-- Indizes der exportierten Tabellen
--

--
-- Indizes für die Tabelle `eisdielen`
--
ALTER TABLE `eisdielen`
  ADD PRIMARY KEY (`id`),
  ADD KEY `fk_user` (`user_id`),
  ADD KEY `fk_eisdielen_landkreis` (`landkreis_id`),
  ADD KEY `fk_eisdielen_bundesland` (`bundesland_id`),
  ADD KEY `fk_land_id` (`land_id`);

--
-- AUTO_INCREMENT für exportierte Tabellen
--

--
-- AUTO_INCREMENT für Tabelle `eisdielen`
--
ALTER TABLE `eisdielen`
  MODIFY `id` int NOT NULL AUTO_INCREMENT, AUTO_INCREMENT=566;

--
-- Constraints der exportierten Tabellen
--

--
-- Constraints der Tabelle `eisdielen`
--
ALTER TABLE `eisdielen`
  ADD CONSTRAINT `fk_eisdielen_bundesland` FOREIGN KEY (`bundesland_id`) REFERENCES `bundeslaender` (`id`),
  ADD CONSTRAINT `fk_eisdielen_landkreis` FOREIGN KEY (`landkreis_id`) REFERENCES `landkreise` (`id`),
  ADD CONSTRAINT `fk_land_id` FOREIGN KEY (`land_id`) REFERENCES `laender` (`id`) ON DELETE SET NULL ON UPDATE CASCADE,
  ADD CONSTRAINT `fk_user` FOREIGN KEY (`user_id`) REFERENCES `nutzer` (`id`) ON DELETE CASCADE;
COMMIT;

/*!40101 SET CHARACTER_SET_CLIENT=@OLD_CHARACTER_SET_CLIENT */;
/*!40101 SET CHARACTER_SET_RESULTS=@OLD_CHARACTER_SET_RESULTS */;
/*!40101 SET COLLATION_CONNECTION=@OLD_COLLATION_CONNECTION */;
